{
  "e_pas.all": -37.61866583545986,
  "cm.axon": 0.30696575979323726,
  "g_pas.all": 0.00015449410135107963,
  "Ra.soma": 360.1960113204949,
  "Ra.apic": 360.1960113204949,
  "Ra.axon": 360.1960113204949,
  "cm.soma": 0.368212069434349,
  "cm.dend": 1.483389876355466,
  "cm.apic": 0.5514492239946799,
  "gbar_Ih.soma": 5.0905344239861756e-05,
  "gbar_Ih.apic": 2.5831269797312045e-05,
  "gbar_Ih.dend": 0.00016185651109702849,
  "gbar_Im.dend": 0.00015475045183251102,
  "decay_CaDynamics.axon": 684.6968458877103,
  "gbar_Ca_LVA.soma": 0.007875188042671661,
  "gbar_Ca_LVA.apic": 0.0024966127448760554,
  "gbar_Ca_LVA.dend": 0.006727843356122258,
  "gbar_Nap_Et2.axon": 7.743223713259862e-05,
  "gamma_CaDynamics.axon": 0.00018606273710952042,
  "gbar_NaTa_t.axon": 4.863735982412971,
  "gbar_K_Tst.soma": 0.007341619998606032,
  "gbar_Kv3_1.apic": 0.06450309518334624,
  "gbar_Im.apic": 0.0008692246424887246,
  "gamma_CaDynamics.soma": 0.03138004723615985,
  "gamma_CaDynamics.apic": 0.020603898125493618,
  "gamma_CaDynamics.dend": 0.004677205613465817,
  "gbar_Nap_Et2.soma": 0.0002971003541661058,
  "gbar_NaTs2_t.dend": 0.006105242758546414,
  "decay_CaDynamics.soma": 22.92964356119703,
  "decay_CaDynamics.apic": 109.34941937130512,
  "decay_CaDynamics.dend": 66.77093689268088,
  "gbar_Kv3_1.dend": 0.059052665395262965,
  "gbar_SK.axon": 0.015151671111928442,
  "gbar_Ca_HVA.soma": 3.909078304685611e-05,
  "gbar_Ca_HVA.apic": 3.408562786191283e-05,
  "gbar_Ca_HVA.dend": 4.003322623894931e-05,
  "gbar_NaTs2_t.apic": 0.0004048025872468157,
  "gbar_Ca_HVA.axon": 0.00034087648557384605,
  "gbar_K_Pst.axon": 0.22481412576176302,
  "gbar_Kv3_1.soma": 0.0036109723125511495,
  "gbar_NaTs2_t.soma": 0.023089211852558418,
  "gbar_K_Pst.soma": 0.0020036586534668225,
  "gbar_K_Tst.axon": 0.8182912505410058,
  "gbar_SK.soma": 6.808423752230478e-06,
  "gbar_SK.apic": 6.546325178079543e-06,
  "gbar_SK.dend": 9.835301553642354e-06,
  "gbar_Kv3_1.axon": 0.006298890642938648,
  "gbar_Ca_LVA.axon": 0.002900471153301327,
  "gpeak_kBK.soma": 2.6194566056911764e-06,
  "gpeak_kBK.apic": 0.07901044579603916,
  "gpeak_kBK.dend": 0.03101599662015122,
  "gpeak_kBK.axon": 0.0004684333724397805,
  "caVhmin_kBK.soma": -18.617638131229214,
  "caVhmin_kBK.apic": -33.34916821897892,
  "caVhmin_kBK.dend": -14.87639517582814,
  "caVhmin_kBK.axon": -6.6833359999511845
}