{
  "e_pas.all": -61.871097847702245,
  "cm.axon": 0.33213208599974786,
  "g_pas.all": 5.669729648916844e-05,
  "Ra.soma": 50.876962773239065,
  "Ra.apic": 50.876962773239065,
  "Ra.axon": 50.876962773239065,
  "cm.soma": 0.32018201712726263,
  "cm.dend": 2.5474196606587496,
  "cm.apic": 0.5912926090774238,
  "gbar_Ih.soma": 0.0001302505713582559,
  "gbar_Ih.apic": 1.5275735754215347e-05,
  "gbar_Ih.dend": 0.00014298313105014704,
  "gbar_Im.dend": 4.869327561020609e-05,
  "decay_CaDynamics.axon": 343.45910120744406,
  "gbar_Ca_LVA.soma": 0.010100086132407898,
  "gbar_Ca_LVA.apic": 0.008828639876503444,
  "gbar_Ca_LVA.dend": 0.009361683625364934,
  "gbar_Nap_Et2.axon": 3.2794346328118925e-05,
  "gamma_CaDynamics.axon": 0.00047157935790452987,
  "gbar_NaTa_t.axon": 5.228335142963445,
  "gbar_K_Tst.soma": 0.15744861867077015,
  "gbar_Kv3_1.apic": 0.01841282210164498,
  "gbar_Im.apic": 0.00040282845234519574,
  "gamma_CaDynamics.soma": 0.0022851652448272757,
  "gamma_CaDynamics.apic": 0.0002360234348502638,
  "gamma_CaDynamics.dend": 0.0036542790410414258,
  "gbar_Nap_Et2.soma": 0.00013346215860597757,
  "gbar_NaTs2_t.dend": 0.00048201163537163504,
  "decay_CaDynamics.soma": 269.9590447804728,
  "decay_CaDynamics.apic": 175.23942115032176,
  "decay_CaDynamics.dend": 1270.0075208131466,
  "gbar_Kv3_1.dend": 0.013503651807642167,
  "gbar_SK.axon": 0.07381531743883504,
  "gbar_Ca_HVA.soma": 2.5628896473787073e-05,
  "gbar_Ca_HVA.apic": 3.0429883038464357e-05,
  "gbar_Ca_HVA.dend": 3.5403512466456816e-05,
  "gbar_NaTs2_t.apic": 0.004567360326200363,
  "gbar_Ca_HVA.axon": 0.0006521942316841209,
  "gbar_K_Pst.axon": 0.1661897326427127,
  "gbar_Kv3_1.soma": 0.00538140262645491,
  "gbar_NaTs2_t.soma": 0.15588454679748853,
  "gbar_K_Pst.soma": 0.0031044306865427424,
  "gbar_K_Tst.axon": 0.6577780980641965,
  "gbar_SK.soma": 1.1892151519655301e-05,
  "gbar_SK.apic": 6.190589588186917e-06,
  "gbar_SK.dend": 7.5933780086097424e-06,
  "gbar_Kv3_1.axon": 0.3147268274674726,
  "gbar_Ca_LVA.axon": 0.006799832311908657,
  "gpeak_kBK.soma": 0.0005132058959297479,
  "gpeak_kBK.apic": 0.0019141512577809609,
  "gpeak_kBK.dend": 1.2142357029312106e-07,
  "gpeak_kBK.axon": 0.042422129763269076,
  "caVhmin_kBK.soma": -20.40094271001602,
  "caVhmin_kBK.apic": -0.4041380911295276,
  "caVhmin_kBK.dend": -29.453407114351926,
  "caVhmin_kBK.axon": -5.680187701188194
}