{
  "e_pas.all": -76.52616480450405,
  "cm.axon": 0.7044424500586798,
  "g_pas.all": 9.528225712781273e-05,
  "Ra.soma": 196.16754289621383,
  "Ra.apic": 196.16754289621383,
  "Ra.axon": 196.16754289621383,
  "cm.soma": 0.2445680029962163,
  "cm.dend": 0.8872776800079274,
  "cm.apic": 0.5280146180855668,
  "gbar_Ih.soma": 6.700677253848463e-05,
  "gbar_Ih.apic": 1.1503674340685047e-05,
  "gbar_Ih.dend": 0.0001603761724944927,
  "gbar_Im.dend": 0.00019496426788098437,
  "decay_CaDynamics.axon": 283.9409940791612,
  "gbar_Ca_LVA.soma": 0.003813369774135303,
  "gbar_Ca_LVA.apic": 0.003232550859288039,
  "gbar_Ca_LVA.dend": 0.0019962907910279007,
  "gbar_Nap_Et2.axon": 1.4042817141775389e-05,
  "gamma_CaDynamics.axon": 0.0008903326798880888,
  "gbar_NaTa_t.axon": 4.441456626257724,
  "gbar_K_Tst.soma": 0.5007779222617452,
  "gbar_Kv3_1.apic": 0.002663897858087524,
  "gbar_Im.apic": 0.0005502500368187946,
  "gamma_CaDynamics.soma": 0.028689896645071426,
  "gamma_CaDynamics.apic": 0.051777676659627396,
  "gamma_CaDynamics.dend": 0.019003946224068972,
  "gbar_Nap_Et2.soma": 0.00011879294246789698,
  "gbar_NaTs2_t.dend": 0.0029430531311499795,
  "decay_CaDynamics.soma": 339.58270231692046,
  "decay_CaDynamics.apic": 1344.1776017865272,
  "decay_CaDynamics.dend": 520.888332121937,
  "gbar_Kv3_1.dend": 0.0007564656019364095,
  "gbar_SK.axon": 0.06522703730078845,
  "gbar_Ca_HVA.soma": 1.2659932758686845e-05,
  "gbar_Ca_HVA.apic": 3.777390685314963e-05,
  "gbar_Ca_HVA.dend": 3.165118434435846e-05,
  "gbar_NaTs2_t.apic": 0.0009361894544478667,
  "gbar_Ca_HVA.axon": 0.0001248055958435908,
  "gbar_K_Pst.axon": 0.24594724251016348,
  "gbar_Kv3_1.soma": 0.0031592783162200377,
  "gbar_NaTs2_t.soma": 0.326355780724845,
  "gbar_K_Pst.soma": 0.013249048592460472,
  "gbar_K_Tst.axon": 1.1056364384032442,
  "gbar_SK.soma": 1.8841809738487997e-06,
  "gbar_SK.apic": 9.98854806380192e-06,
  "gbar_SK.dend": 2.2304766170865827e-07,
  "gbar_Kv3_1.axon": 0.9947647292546723,
  "gbar_Ca_LVA.axon": 0.006168696169560616,
  "gpeak_kBK.soma": 9.457318252496451e-05,
  "gpeak_kBK.apic": 2.592466056490511e-06,
  "gpeak_kBK.dend": 3.9250702435362604e-06,
  "gpeak_kBK.axon": 0.01207080409633417,
  "caVhmin_kBK.soma": -12.496483546242171,
  "caVhmin_kBK.apic": -37.69954773323398,
  "caVhmin_kBK.dend": -5.1480390835081185,
  "caVhmin_kBK.axon": -2.1438927243880537
}