{
  "e_pas.all": -45.394986874224244,
  "cm.axon": 2.455525385059437,
  "g_pas.all": 6.611959462262675e-05,
  "Ra.soma": 177.36623056845283,
  "Ra.apic": 177.36623056845283,
  "Ra.axon": 177.36623056845283,
  "cm.soma": 1.5313035886191078,
  "cm.dend": 1.9313603410455864,
  "cm.apic": 1.2550956375099676,
  "gbar_Ih.soma": 0.0001019197447480344,
  "gbar_Ih.apic": 7.539979238076177e-06,
  "gbar_Ih.dend": 0.00025261574258568894,
  "gbar_Im.dend": 0.00031149462209602074,
  "decay_CaDynamics.axon": 264.7013035672248,
  "gbar_Ca_LVA.soma": 0.0017209375206034595,
  "gbar_Ca_LVA.apic": 0.003394654962076746,
  "gbar_Ca_LVA.dend": 0.005550983787773958,
  "gbar_Nap_Et2.axon": 3.5949751954044086e-05,
  "gamma_CaDynamics.axon": 0.0003032636752825271,
  "gbar_NaTa_t.axon": 3.932640233377903,
  "gbar_K_Tst.soma": 0.11794831341693056,
  "gbar_Kv3_1.apic": 0.008867332467435127,
  "gbar_Im.apic": 0.0006781249264865192,
  "gamma_CaDynamics.soma": 0.0046508843267119935,
  "gamma_CaDynamics.apic": 0.009999632097340191,
  "gamma_CaDynamics.dend": 0.001827915046511034,
  "gbar_Nap_Et2.soma": 0.0006726701638293596,
  "gbar_NaTs2_t.dend": 0.007273000114811111,
  "decay_CaDynamics.soma": 1582.8598321258423,
  "decay_CaDynamics.apic": 2.5185330227551397,
  "decay_CaDynamics.dend": 0.6766674623189878,
  "gbar_Kv3_1.dend": 0.0019364210128277465,
  "gbar_SK.axon": 0.014969566161022616,
  "gbar_Ca_HVA.soma": 1.836832241885214e-05,
  "gbar_Ca_HVA.apic": 2.740259644927828e-05,
  "gbar_Ca_HVA.dend": 2.2620535785866147e-05,
  "gbar_NaTs2_t.apic": 0.004273085511549913,
  "gbar_Ca_HVA.axon": 0.00031698933392267667,
  "gbar_K_Pst.axon": 0.22709729181296248,
  "gbar_Kv3_1.soma": 0.0004270185202128894,
  "gbar_NaTs2_t.soma": 0.14807962296706983,
  "gbar_K_Pst.soma": 0.02132325933158201,
  "gbar_K_Tst.axon": 0.4717564395202011,
  "gbar_SK.soma": 2.548940999281886e-06,
  "gbar_SK.apic": 1.4985628674898803e-05,
  "gbar_SK.dend": 7.645959165536562e-06,
  "gbar_Kv3_1.axon": 0.38699158767517006,
  "gbar_Ca_LVA.axon": 0.007423275941213755,
  "gpeak_kBK.soma": 0.0019309265240032005,
  "gpeak_kBK.apic": 0.03335314389517878,
  "gpeak_kBK.dend": 0.010847303604424796,
  "gpeak_kBK.axon": 0.0034458233616370152,
  "caVhmin_kBK.soma": -21.952832918511646,
  "caVhmin_kBK.apic": -22.30109808590736,
  "caVhmin_kBK.dend": -3.613140634570274,
  "caVhmin_kBK.axon": -1.480515555502373
}