{
  "e_pas.all": -56.24794643531645,
  "cm.axon": 1.842611783196598,
  "g_pas.all": 6.379752037162976e-05,
  "Ra.soma": 6.863505953925299,
  "Ra.apic": 6.863505953925299,
  "Ra.axon": 6.863505953925299,
  "cm.soma": 0.6017675161774414,
  "cm.dend": 0.8158115047163609,
  "cm.apic": 0.7529723461013593,
  "gbar_Ih.soma": 0.00017004165906687218,
  "gbar_Ih.apic": 1.9070775532083565e-05,
  "gbar_Ih.dend": 0.0001720361863032892,
  "gbar_Im.dend": 0.0003806426404879431,
  "decay_CaDynamics.axon": 673.1361005872961,
  "gbar_Ca_LVA.soma": 0.00838444394431042,
  "gbar_Ca_LVA.apic": 0.002610322001588559,
  "gbar_Ca_LVA.dend": 0.002270708333257139,
  "gbar_Nap_Et2.axon": 1.832842139730331e-05,
  "gamma_CaDynamics.axon": 0.00025691866208296703,
  "gbar_NaTa_t.axon": 0.2918284388503517,
  "gbar_K_Tst.soma": 0.2862166118203424,
  "gbar_Kv3_1.apic": 0.010195843311611035,
  "gbar_Im.apic": 0.0011914779781023333,
  "gamma_CaDynamics.soma": 0.019291695909310735,
  "gamma_CaDynamics.apic": 1.3866489608429068e-05,
  "gamma_CaDynamics.dend": 0.03817764192108357,
  "gbar_Nap_Et2.soma": 0.0006306178470814355,
  "gbar_NaTs2_t.dend": 0.009251990991151962,
  "decay_CaDynamics.soma": 73.8394976864173,
  "decay_CaDynamics.apic": 1508.869907649068,
  "decay_CaDynamics.dend": 21.234553104991917,
  "gbar_Kv3_1.dend": 0.04534454871982434,
  "gbar_SK.axon": 0.10467001705677216,
  "gbar_Ca_HVA.soma": 3.250177772042996e-05,
  "gbar_Ca_HVA.apic": 2.8670328375786488e-05,
  "gbar_Ca_HVA.dend": 4.050886774970847e-05,
  "gbar_NaTs2_t.apic": 0.0049863344643978,
  "gbar_Ca_HVA.axon": 0.0006513378256487282,
  "gbar_K_Pst.axon": 0.13912882158390905,
  "gbar_Kv3_1.soma": 0.005631470702674899,
  "gbar_NaTs2_t.soma": 0.9973791578864999,
  "gbar_K_Pst.soma": 0.015022545561548103,
  "gbar_K_Tst.axon": 0.6574150062582269,
  "gbar_SK.soma": 8.090452065702115e-06,
  "gbar_SK.apic": 3.2061042911132713e-06,
  "gbar_SK.dend": 3.3198877423129727e-06,
  "gbar_Kv3_1.axon": 1.0884569294418738,
  "gbar_Ca_LVA.axon": 0.00010571027186768815,
  "gpeak_kBK.soma": 9.437374934716461e-07,
  "gpeak_kBK.apic": 2.1622792978422676e-05,
  "gpeak_kBK.dend": 0.004808381314223755,
  "gpeak_kBK.axon": 0.03422863260265839,
  "caVhmin_kBK.soma": -0.9306615063310146,
  "caVhmin_kBK.apic": -2.0391343879273416,
  "caVhmin_kBK.dend": -0.09274170534500836,
  "caVhmin_kBK.axon": -4.97114903225558
}