{
  "e_pas.all": -64.67290217693044,
  "cm.axon": 0.7302370431759362,
  "g_pas.all": 6.902076020758585e-05,
  "Ra.soma": 9.578855612308288,
  "Ra.apic": 9.578855612308288,
  "Ra.axon": 9.578855612308288,
  "cm.soma": 0.9917467575451993,
  "cm.dend": 1.8548632729676748,
  "cm.apic": 0.35806638991712547,
  "gbar_Ih.soma": 0.00012409894521672805,
  "gbar_Ih.apic": 1.825302493465425e-05,
  "gbar_Ih.dend": 0.0002261842628433956,
  "gbar_Im.dend": 0.00034598527357406313,
  "decay_CaDynamics.axon": 107.39101214185001,
  "gbar_Ca_LVA.soma": 2.1788794380193043e-05,
  "gbar_Ca_LVA.apic": 0.0028124562520559756,
  "gbar_Ca_LVA.dend": 0.003370106152511212,
  "gbar_Nap_Et2.axon": 7.021074004135118e-05,
  "gamma_CaDynamics.axon": 0.00027554805727830734,
  "gbar_NaTa_t.axon": 4.852857979000158,
  "gbar_K_Tst.soma": 0.42216275449008817,
  "gbar_Kv3_1.apic": 0.0025623237583611578,
  "gbar_Im.apic": 0.0011564461940615641,
  "gamma_CaDynamics.soma": 0.0002415385191325196,
  "gamma_CaDynamics.apic": 0.0023494509667440137,
  "gamma_CaDynamics.dend": 0.017090700938547414,
  "gbar_Nap_Et2.soma": 0.00019392150899980043,
  "gbar_NaTs2_t.dend": 0.003465519392835923,
  "decay_CaDynamics.soma": 526.5885500707091,
  "decay_CaDynamics.apic": 1548.3976577718136,
  "decay_CaDynamics.dend": 1126.6167473477096,
  "gbar_Kv3_1.dend": 0.015148485665255673,
  "gbar_SK.axon": 0.19717003422724216,
  "gbar_Ca_HVA.soma": 2.1718147310753667e-05,
  "gbar_Ca_HVA.apic": 3.473686937115874e-05,
  "gbar_Ca_HVA.dend": 3.0342307386433285e-05,
  "gbar_NaTs2_t.apic": 0.003063324817218551,
  "gbar_Ca_HVA.axon": 0.0006571252793182156,
  "gbar_K_Pst.axon": 0.22166707147713144,
  "gbar_Kv3_1.soma": 0.008193808236361292,
  "gbar_NaTs2_t.soma": 0.1487632319699913,
  "gbar_K_Pst.soma": 0.020262490241665914,
  "gbar_K_Tst.axon": 0.11870818401214492,
  "gbar_SK.soma": 2.733324351372111e-06,
  "gbar_SK.apic": 3.619507484746859e-07,
  "gbar_SK.dend": 6.0436201796709345e-06,
  "gbar_Kv3_1.axon": 0.004696414092350786,
  "gbar_Ca_LVA.axon": 0.004825531510533898,
  "gpeak_kBK.soma": 0.00028968154607726866,
  "gpeak_kBK.apic": 0.00014367768477388973,
  "gpeak_kBK.dend": 1.4954868005252162e-06,
  "gpeak_kBK.axon": 0.0011355423575935457,
  "caVhmin_kBK.soma": -4.974664202434099,
  "caVhmin_kBK.apic": -10.565035508107254,
  "caVhmin_kBK.dend": -7.795273225450071,
  "caVhmin_kBK.axon": -16.162416505699756
}