{
  "e_pas.all": -52.17760985393983,
  "cm.axon": 0.8185545157402093,
  "g_pas.all": 4.946195720925825e-05,
  "Ra.soma": 23.44038216553342,
  "Ra.apic": 23.44038216553342,
  "Ra.axon": 23.44038216553342,
  "cm.soma": 1.1656784123831956,
  "cm.dend": 2.642984051126351,
  "cm.apic": 2.198201384264106,
  "gbar_Ih.soma": 0.00012626088647200968,
  "gbar_Ih.apic": 2.8059501994310443e-05,
  "gbar_Ih.dend": 0.00016063883770518989,
  "gbar_Im.dend": 0.0002470569150537696,
  "decay_CaDynamics.axon": 149.69221228521621,
  "gbar_Ca_LVA.soma": 0.008858606835187056,
  "gbar_Ca_LVA.apic": 0.005841618810428262,
  "gbar_Ca_LVA.dend": 0.001192430423666734,
  "gbar_Nap_Et2.axon": 2.089006217711132e-05,
  "gamma_CaDynamics.axon": 0.0003636302957537383,
  "gbar_NaTa_t.axon": 2.2375819200086915,
  "gbar_K_Tst.soma": 0.1678760932341996,
  "gbar_Kv3_1.apic": 0.035166078362606046,
  "gbar_Im.apic": 0.0010048346715748843,
  "gamma_CaDynamics.soma": 0.015258489423393404,
  "gamma_CaDynamics.apic": 0.010582500775482973,
  "gamma_CaDynamics.dend": 0.07533944984551343,
  "gbar_Nap_Et2.soma": 9.431548579483143e-05,
  "gbar_NaTs2_t.dend": 0.0060723710202990125,
  "decay_CaDynamics.soma": 479.9559761534817,
  "decay_CaDynamics.apic": 1001.411195312854,
  "decay_CaDynamics.dend": 296.0861162943207,
  "gbar_Kv3_1.dend": 0.0036830297616729027,
  "gbar_SK.axon": 0.18871671140539437,
  "gbar_Ca_HVA.soma": 2.2552070106994205e-05,
  "gbar_Ca_HVA.apic": 1.1318848519100302e-05,
  "gbar_Ca_HVA.dend": 3.20023808164604e-05,
  "gbar_NaTs2_t.apic": 0.0018346736895507362,
  "gbar_Ca_HVA.axon": 0.0007677318451121501,
  "gbar_K_Pst.axon": 0.11888398310447076,
  "gbar_Kv3_1.soma": 0.005846254435650123,
  "gbar_NaTs2_t.soma": 0.2994312785579916,
  "gbar_K_Pst.soma": 0.00040718846725147325,
  "gbar_K_Tst.axon": 0.8019053186112671,
  "gbar_SK.soma": 8.380370414046438e-06,
  "gbar_SK.apic": 1.2753008500824998e-05,
  "gbar_SK.dend": 1.0372023654253564e-05,
  "gbar_Kv3_1.axon": 0.9644717286380096,
  "gbar_Ca_LVA.axon": 0.004918560379407719,
  "gpeak_kBK.soma": 0.0001850694734581811,
  "gpeak_kBK.apic": 6.988051298316682e-06,
  "gpeak_kBK.dend": 0.00016434839776298155,
  "gpeak_kBK.axon": 0.06100575105709377,
  "caVhmin_kBK.soma": -6.644404828132314,
  "caVhmin_kBK.apic": -31.97304720425867,
  "caVhmin_kBK.dend": -7.045418971519174,
  "caVhmin_kBK.axon": -0.3477840478147831
}