{
  "e_pas.all": -44.01730826946078,
  "cm.axon": 0.13014400342765173,
  "g_pas.all": 3.08440703787423e-05,
  "Ra.soma": 35.247639504169406,
  "Ra.apic": 35.247639504169406,
  "Ra.axon": 35.247639504169406,
  "cm.soma": 1.2460784062779253,
  "cm.dend": 2.9390502237455975,
  "cm.apic": 1.2400701939353311,
  "gbar_Ih.soma": 0.00017067374670440508,
  "gbar_Ih.apic": 3.1579432457232734e-05,
  "gbar_Ih.dend": 0.00017311953962200366,
  "gbar_Im.dend": 0.0004981010442116487,
  "decay_CaDynamics.axon": 684.1181355316583,
  "gbar_Ca_LVA.soma": 0.007675629931501995,
  "gbar_Ca_LVA.apic": 0.0006076178437227893,
  "gbar_Ca_LVA.dend": 0.00855556551000263,
  "gbar_Nap_Et2.axon": 1.7110212318576115e-05,
  "gamma_CaDynamics.axon": 0.0005582057997342435,
  "gbar_NaTa_t.axon": 4.445953727000162,
  "gbar_K_Tst.soma": 0.17561493868871578,
  "gbar_Kv3_1.apic": 0.044188265155733764,
  "gbar_Im.apic": 0.00129168594017204,
  "gamma_CaDynamics.soma": 0.03395860532364373,
  "gamma_CaDynamics.apic": 0.005383319231097259,
  "gamma_CaDynamics.dend": 0.001313844361065859,
  "gbar_Nap_Et2.soma": 0.0005584297215269028,
  "gbar_NaTs2_t.dend": 0.010129015970131647,
  "decay_CaDynamics.soma": 136.20548473175046,
  "decay_CaDynamics.apic": 113.37439688115266,
  "decay_CaDynamics.dend": 153.92167686085432,
  "gbar_Kv3_1.dend": 0.006195148872523301,
  "gbar_SK.axon": 0.013983809383713606,
  "gbar_Ca_HVA.soma": 4.060010694252448e-05,
  "gbar_Ca_HVA.apic": 1.3710681618789446e-06,
  "gbar_Ca_HVA.dend": 1.9865229480506683e-05,
  "gbar_NaTs2_t.apic": 0.001055584183344643,
  "gbar_Ca_HVA.axon": 0.0003936373364353245,
  "gbar_K_Pst.axon": 0.18507715136645858,
  "gbar_Kv3_1.soma": 0.0062405604433281425,
  "gbar_NaTs2_t.soma": 0.21986803725838802,
  "gbar_K_Pst.soma": 0.0076270662180832,
  "gbar_K_Tst.axon": 0.6351225761987062,
  "gbar_SK.soma": 9.75749446381013e-06,
  "gbar_SK.apic": 8.901765806360017e-06,
  "gbar_SK.dend": 2.7198901232485236e-06,
  "gbar_Kv3_1.axon": 0.6914496853870183,
  "gbar_Ca_LVA.axon": 0.0038414716927711035,
  "gpeak_kBK.soma": 0.00013023503485541245,
  "gpeak_kBK.apic": 0.005021889782551624,
  "gpeak_kBK.dend": 8.241122924264527e-05,
  "gpeak_kBK.axon": 0.001309429336661199,
  "caVhmin_kBK.soma": -17.791670455185994,
  "caVhmin_kBK.apic": -21.521470472342727,
  "caVhmin_kBK.dend": -15.481270160087771,
  "caVhmin_kBK.axon": -29.81170782505364
}