{
  "e_pas.all": -57.733769278532165,
  "cm.axon": 0.698625772971823,
  "g_pas.all": 8.677378571012319e-05,
  "Ra.soma": 122.9958638262786,
  "Ra.apic": 122.9958638262786,
  "Ra.axon": 122.9958638262786,
  "cm.soma": 0.0074487351873045535,
  "cm.dend": 0.15673681285340843,
  "cm.apic": 0.007031037929084098,
  "gbar_Ih.soma": 0.00011317306418706371,
  "gbar_Ih.apic": 1.4994804612824792e-05,
  "gbar_Ih.dend": 0.00014047342281933242,
  "gbar_Im.dend": 0.00027165938330593034,
  "decay_CaDynamics.axon": 473.12435576770304,
  "gbar_Ca_LVA.soma": 0.0028662926376829697,
  "gbar_Ca_LVA.apic": 0.007664089291664555,
  "gbar_Ca_LVA.dend": 0.0050647804049483375,
  "gbar_Nap_Et2.axon": 7.140887665461177e-06,
  "gamma_CaDynamics.axon": 0.0006085762439146166,
  "gbar_NaTa_t.axon": 0.17662950651179915,
  "gbar_K_Tst.soma": 0.1546188464330081,
  "gbar_Kv3_1.apic": 0.05556834485793013,
  "gbar_Im.apic": 1.259058878482477e-05,
  "gamma_CaDynamics.soma": 0.02566656342215965,
  "gamma_CaDynamics.apic": 0.05167294468863967,
  "gamma_CaDynamics.dend": 0.020106271748418187,
  "gbar_Nap_Et2.soma": 0.0004838403406450826,
  "gbar_NaTs2_t.dend": 0.00010540800087569252,
  "decay_CaDynamics.soma": 69.5685293916996,
  "decay_CaDynamics.apic": 12.981999745931569,
  "decay_CaDynamics.dend": 565.0517374735258,
  "gbar_Kv3_1.dend": 0.03564773834148911,
  "gbar_SK.axon": 0.1064096829646995,
  "gbar_Ca_HVA.soma": 3.2800122601667646e-05,
  "gbar_Ca_HVA.apic": 4.060525582063354e-05,
  "gbar_Ca_HVA.dend": 3.899938295431538e-05,
  "gbar_NaTs2_t.apic": 0.0017876803724388873,
  "gbar_Ca_HVA.axon": 0.0008726054664690767,
  "gbar_K_Pst.axon": 0.05153193281740108,
  "gbar_Kv3_1.soma": 0.003923299470498492,
  "gbar_NaTs2_t.soma": 0.10885018616736244,
  "gbar_K_Pst.soma": 0.01077550726317912,
  "gbar_K_Tst.axon": 1.1268200622924278,
  "gbar_SK.soma": 1.4957814241874291e-05,
  "gbar_SK.apic": 1.3462408532388666e-05,
  "gbar_SK.dend": 7.489845214189499e-06,
  "gbar_Kv3_1.axon": 0.00826258323676686,
  "gbar_Ca_LVA.axon": 0.004486760210491927,
  "gpeak_kBK.soma": 0.0007934786096874965,
  "gpeak_kBK.apic": 0.011204562130957309,
  "gpeak_kBK.dend": 6.687230106564124e-08,
  "gpeak_kBK.axon": 0.0414635205571118,
  "caVhmin_kBK.soma": -37.47289281616013,
  "caVhmin_kBK.apic": -11.809901890519964,
  "caVhmin_kBK.dend": -22.27288262609636,
  "caVhmin_kBK.axon": -20.822810587840678
}