{
  "e_pas.all": -63.11966528966328,
  "cm.axon": 1.2527517538059985,
  "g_pas.all": 4.889909313152103e-05,
  "Ra.soma": 27.18246043104084,
  "Ra.apic": 27.18246043104084,
  "Ra.axon": 27.18246043104084,
  "cm.soma": 1.4315603799570384,
  "cm.dend": 1.9459633259293805,
  "cm.apic": 1.1370682192015817,
  "gbar_Ih.soma": 0.00018511899407204214,
  "gbar_Ih.apic": 2.080050266972567e-05,
  "gbar_Ih.dend": 0.00012335753510486454,
  "gbar_Im.dend": 0.0005067477602440276,
  "decay_CaDynamics.axon": 356.47879708058815,
  "gbar_Ca_LVA.soma": 0.003845704786188772,
  "gbar_Ca_LVA.apic": 0.008704969922645078,
  "gbar_Ca_LVA.dend": 0.00853726174414586,
  "gbar_Nap_Et2.axon": 5.9680831364845115e-05,
  "gamma_CaDynamics.axon": 0.0004523678995920139,
  "gbar_NaTa_t.axon": 3.688802974081746,
  "gbar_K_Tst.soma": 0.48365964436052605,
  "gbar_Kv3_1.apic": 0.06492467092959339,
  "gbar_Im.apic": 0.0006548274313628193,
  "gamma_CaDynamics.soma": 0.0774603588273952,
  "gamma_CaDynamics.apic": 0.057574529885359646,
  "gamma_CaDynamics.dend": 0.03454515513755935,
  "gbar_Nap_Et2.soma": 0.0003593513284802335,
  "gbar_NaTs2_t.dend": 0.010062677155532553,
  "decay_CaDynamics.soma": 132.08892165647597,
  "decay_CaDynamics.apic": 97.54127141490441,
  "decay_CaDynamics.dend": 15.20262197328646,
  "gbar_Kv3_1.dend": 0.1153141752514488,
  "gbar_SK.axon": 0.06233087602931877,
  "gbar_Ca_HVA.soma": 2.1848004509308794e-06,
  "gbar_Ca_HVA.apic": 1.9859254674392622e-05,
  "gbar_Ca_HVA.dend": 3.647738269639796e-05,
  "gbar_NaTs2_t.apic": 0.004252063834962718,
  "gbar_Ca_HVA.axon": 0.0002954814111708718,
  "gbar_K_Pst.axon": 0.17600574162279037,
  "gbar_Kv3_1.soma": 0.00017581875009835073,
  "gbar_NaTs2_t.soma": 0.547739797211657,
  "gbar_K_Pst.soma": 0.002005818065700078,
  "gbar_K_Tst.axon": 0.3413548349222697,
  "gbar_SK.soma": 2.32101987247234e-07,
  "gbar_SK.apic": 9.796890203621954e-06,
  "gbar_SK.dend": 8.995677861760944e-06,
  "gbar_Kv3_1.axon": 0.3588782944456741,
  "gbar_Ca_LVA.axon": 0.0008645292393941082,
  "gpeak_kBK.soma": 6.734944089369964e-05,
  "gpeak_kBK.apic": 0.0003817325933933708,
  "gpeak_kBK.dend": 0.002227761901470429,
  "gpeak_kBK.axon": 0.06292214336827372,
  "caVhmin_kBK.soma": -3.6839259501320885,
  "caVhmin_kBK.apic": -26.11025828355934,
  "caVhmin_kBK.dend": -20.78057472231662,
  "caVhmin_kBK.axon": -13.824121662309201
}