{
  "e_pas.all": -55.42082788962174,
  "cm.axon": 0.8812264204684367,
  "g_pas.all": 4.9850396047927735e-05,
  "Ra.soma": 89.9840422075492,
  "Ra.apic": 89.9840422075492,
  "Ra.axon": 89.9840422075492,
  "cm.soma": 0.5004628694650782,
  "cm.dend": 0.33432647410678074,
  "cm.apic": 1.9583799649979194,
  "gbar_Ih.soma": 7.271103880472047e-05,
  "gbar_Ih.apic": 2.0626287511132217e-05,
  "gbar_Ih.dend": 9.20298657875412e-05,
  "gbar_Im.dend": 0.0004749439125257377,
  "decay_CaDynamics.axon": 116.8874658081965,
  "gbar_Ca_LVA.soma": 0.009003732760249272,
  "gbar_Ca_LVA.apic": 0.007281364908953182,
  "gbar_Ca_LVA.dend": 0.004767662004484471,
  "gbar_Nap_Et2.axon": 5.686840867305052e-06,
  "gamma_CaDynamics.axon": 0.0008769127001246567,
  "gbar_NaTa_t.axon": 0.7233663248994127,
  "gbar_K_Tst.soma": 0.14513141597035337,
  "gbar_Kv3_1.apic": 0.032089188852686606,
  "gbar_Im.apic": 0.00029693752861618,
  "gamma_CaDynamics.soma": 0.07941632326728625,
  "gamma_CaDynamics.apic": 0.039860624467962485,
  "gamma_CaDynamics.dend": 0.05352421966576461,
  "gbar_Nap_Et2.soma": 0.0002976955227728905,
  "gbar_NaTs2_t.dend": 0.006042162341723336,
  "decay_CaDynamics.soma": 418.73005565413723,
  "decay_CaDynamics.apic": 138.57375439184332,
  "decay_CaDynamics.dend": 76.5102648371387,
  "gbar_Kv3_1.dend": 0.07358845593111438,
  "gbar_SK.axon": 0.03953186252170382,
  "gbar_Ca_HVA.soma": 1.9901524729607196e-05,
  "gbar_Ca_HVA.apic": 2.6401243659974027e-05,
  "gbar_Ca_HVA.dend": 3.601521774904765e-05,
  "gbar_NaTs2_t.apic": 0.0009752544784839178,
  "gbar_Ca_HVA.axon": 0.0006519743282229308,
  "gbar_K_Pst.axon": 0.0012213888906777524,
  "gbar_Kv3_1.soma": 0.003818444105277275,
  "gbar_NaTs2_t.soma": 0.17978542351353802,
  "gbar_K_Pst.soma": 0.004164544687733286,
  "gbar_K_Tst.axon": 0.6728547749975379,
  "gbar_SK.soma": 1.930778461662675e-06,
  "gbar_SK.apic": 1.4210070608115845e-05,
  "gbar_SK.dend": 5.005515812851799e-07,
  "gbar_Kv3_1.axon": 0.08071978008471187,
  "gbar_Ca_LVA.axon": 0.0069573271245081955,
  "gpeak_kBK.soma": 1.067810467675137e-07,
  "gpeak_kBK.apic": 1.721655529502994e-05,
  "gpeak_kBK.dend": 0.002267084242133622,
  "gpeak_kBK.axon": 0.014751740679633413,
  "caVhmin_kBK.soma": -14.403418677106135,
  "caVhmin_kBK.apic": -6.872835261290121,
  "caVhmin_kBK.dend": -18.083145232162007,
  "caVhmin_kBK.axon": -25.467113609209843
}