{
  "e_pas.all": -48.591966452700305,
  "cm.axon": 0.554027814063759,
  "g_pas.all": 7.391581951361883e-05,
  "Ra.soma": 72.03606484277303,
  "Ra.apic": 72.03606484277303,
  "Ra.axon": 72.03606484277303,
  "cm.soma": 0.8615508766753328,
  "cm.dend": 2.8795271999678436,
  "cm.apic": 1.6192121616157396,
  "gbar_Ih.soma": 0.00017096583713627585,
  "gbar_Ih.apic": 1.891119044561326e-05,
  "gbar_Ih.dend": 0.000160894672627238,
  "gbar_Im.dend": 0.0003572488907145717,
  "decay_CaDynamics.axon": 680.1221218884136,
  "gbar_Ca_LVA.soma": 0.0037085876617053634,
  "gbar_Ca_LVA.apic": 0.005681499738453709,
  "gbar_Ca_LVA.dend": 0.000598905219673125,
  "gbar_Nap_Et2.axon": 1.0435770107998853e-05,
  "gamma_CaDynamics.axon": 0.0007072516675453587,
  "gbar_NaTa_t.axon": 1.1003934836855853,
  "gbar_K_Tst.soma": 0.02143890753819548,
  "gbar_Kv3_1.apic": 0.011934579270181636,
  "gbar_Im.apic": 0.00011692735466559872,
  "gamma_CaDynamics.soma": 0.03259087191211927,
  "gamma_CaDynamics.apic": 0.01368919075092936,
  "gamma_CaDynamics.dend": 0.046657977157129854,
  "gbar_Nap_Et2.soma": 0.0003575782033190675,
  "gbar_NaTs2_t.dend": 0.0033505636332717297,
  "decay_CaDynamics.soma": 0.08363353370777611,
  "decay_CaDynamics.apic": 9.399417728471395,
  "decay_CaDynamics.dend": 1512.262867123082,
  "gbar_Kv3_1.dend": 0.003191528472375608,
  "gbar_SK.axon": 0.009455323330859914,
  "gbar_Ca_HVA.soma": 1.7451781891496945e-05,
  "gbar_Ca_HVA.apic": 2.340802492890205e-06,
  "gbar_Ca_HVA.dend": 2.4136902388265532e-05,
  "gbar_NaTs2_t.apic": 0.0053239259409020925,
  "gbar_Ca_HVA.axon": 0.0006937550047100462,
  "gbar_K_Pst.axon": 0.017629124725463373,
  "gbar_Kv3_1.soma": 0.002869635906477693,
  "gbar_NaTs2_t.soma": 0.2037510242854452,
  "gbar_K_Pst.soma": 0.007410213649340065,
  "gbar_K_Tst.axon": 0.45573983582660144,
  "gbar_SK.soma": 9.512790409882658e-06,
  "gbar_SK.apic": 4.0020419289254536e-07,
  "gbar_SK.dend": 1.3893751727342814e-05,
  "gbar_Kv3_1.axon": 0.960125732821973,
  "gbar_Ca_LVA.axon": 0.0002460736977446975,
  "gpeak_kBK.soma": 0.00042843161399650013,
  "gpeak_kBK.apic": 0.02774351113693135,
  "gpeak_kBK.dend": 1.4449170849333944e-06,
  "gpeak_kBK.axon": 0.05091743473172724,
  "caVhmin_kBK.soma": -13.69016962019587,
  "caVhmin_kBK.apic": -1.2335223612392885,
  "caVhmin_kBK.dend": -24.414152640648112,
  "caVhmin_kBK.axon": -14.759619819742564
}