{
  "e_pas.all": -67.38901438609216,
  "cm.axon": 1.6283961061571293,
  "g_pas.all": 7.889836756559965e-05,
  "Ra.soma": 16.5872695793446,
  "Ra.apic": 16.5872695793446,
  "Ra.axon": 16.5872695793446,
  "cm.soma": 0.7207349660573958,
  "cm.dend": 2.872355349522023,
  "cm.apic": 5.01543105872537,
  "gbar_Ih.soma": 0.00010728716027928804,
  "gbar_Ih.apic": 3.729078477888347e-05,
  "gbar_Ih.dend": 0.00017116000449656743,
  "gbar_Im.dend": 0.0004482413752995902,
  "decay_CaDynamics.axon": 247.92559927976617,
  "gbar_Ca_LVA.soma": 0.007506855961604586,
  "gbar_Ca_LVA.apic": 0.0026760685944382232,
  "gbar_Ca_LVA.dend": 0.006688449316191572,
  "gbar_Nap_Et2.axon": 2.8817551832618966e-07,
  "gamma_CaDynamics.axon": 6.851963498542822e-05,
  "gbar_NaTa_t.axon": 3.985732710021095,
  "gbar_K_Tst.soma": 0.003715506695844333,
  "gbar_Kv3_1.apic": 0.019524678892944156,
  "gbar_Im.apic": 0.0005970511049063476,
  "gamma_CaDynamics.soma": 0.00019221402100449937,
  "gamma_CaDynamics.apic": 0.05521930876397578,
  "gamma_CaDynamics.dend": 0.0009269447276366148,
  "gbar_Nap_Et2.soma": 4.557317118951673e-05,
  "gbar_NaTs2_t.dend": 0.0061535195435310115,
  "decay_CaDynamics.soma": 169.8569655319384,
  "decay_CaDynamics.apic": 1082.3393219116347,
  "decay_CaDynamics.dend": 273.4905686973779,
  "gbar_Kv3_1.dend": 0.01967418584654946,
  "gbar_SK.axon": 0.14111507802022133,
  "gbar_Ca_HVA.soma": 2.9317409981836783e-06,
  "gbar_Ca_HVA.apic": 3.688398315284861e-05,
  "gbar_Ca_HVA.dend": 1.1688489910419252e-05,
  "gbar_NaTs2_t.apic": 0.0001939082692379698,
  "gbar_Ca_HVA.axon": 0.0008745162223940109,
  "gbar_K_Pst.axon": 0.0020412447530819013,
  "gbar_Kv3_1.soma": 0.003762624359539216,
  "gbar_NaTs2_t.soma": 0.48569162775472324,
  "gbar_K_Pst.soma": 0.0022018300965664338,
  "gbar_K_Tst.axon": 0.22922516860377434,
  "gbar_SK.soma": 4.821878746795405e-07,
  "gbar_SK.apic": 5.723922011752319e-06,
  "gbar_SK.dend": 1.1571287582826439e-05,
  "gbar_Kv3_1.axon": 0.1239306384932416,
  "gbar_Ca_LVA.axon": 0.0047865037896892264,
  "gpeak_kBK.soma": 0.002896628727692659,
  "gpeak_kBK.apic": 3.901099289378289e-06,
  "gpeak_kBK.dend": 9.88365893638297e-07,
  "gpeak_kBK.axon": 0.014781249825887792,
  "caVhmin_kBK.soma": -4.166483791503421,
  "caVhmin_kBK.apic": -3.028792174564325,
  "caVhmin_kBK.dend": -18.56432190994012,
  "caVhmin_kBK.axon": -13.272435199459913
}