{
  "e_pas.all": -66.81793197883879,
  "cm.axon": 1.4999806675037946,
  "g_pas.all": 7.129300966320055e-05,
  "Ra.soma": 84.0875086920591,
  "Ra.apic": 84.0875086920591,
  "Ra.axon": 84.0875086920591,
  "cm.soma": 0.8935215292527564,
  "cm.dend": 3.3839612514813515,
  "cm.apic": 0.975290323790345,
  "gbar_Ih.soma": 0.00010944209644662585,
  "gbar_Ih.apic": 1.9415228781277732e-05,
  "gbar_Ih.dend": 8.538429029042375e-05,
  "gbar_Im.dend": 0.00032500944013858315,
  "decay_CaDynamics.axon": 156.46837012646878,
  "gbar_Ca_LVA.soma": 0.0017484189074560722,
  "gbar_Ca_LVA.apic": 0.002009030281329779,
  "gbar_Ca_LVA.dend": 3.425991474934645e-06,
  "gbar_Nap_Et2.axon": 3.9379358129324505e-05,
  "gamma_CaDynamics.axon": 0.0004457398023942843,
  "gbar_NaTa_t.axon": 4.09999567380379,
  "gbar_K_Tst.soma": 0.0023529349940055637,
  "gbar_Kv3_1.apic": 0.042123428215422004,
  "gbar_Im.apic": 0.0002450739229945373,
  "gamma_CaDynamics.soma": 0.0031356341661558035,
  "gamma_CaDynamics.apic": 0.0443142415864695,
  "gamma_CaDynamics.dend": 0.04299458465130107,
  "gbar_Nap_Et2.soma": 0.0006619141735294429,
  "gbar_NaTs2_t.dend": 0.0026765652623444046,
  "decay_CaDynamics.soma": 382.6574536638797,
  "decay_CaDynamics.apic": 879.1068112374913,
  "decay_CaDynamics.dend": 993.8124966886552,
  "gbar_Kv3_1.dend": 3.454072900883831e-05,
  "gbar_SK.axon": 0.0837417635831157,
  "gbar_Ca_HVA.soma": 3.226794297987024e-05,
  "gbar_Ca_HVA.apic": 1.768892972490163e-05,
  "gbar_Ca_HVA.dend": 2.4908026619498814e-05,
  "gbar_NaTs2_t.apic": 0.001597701063490519,
  "gbar_Ca_HVA.axon": 0.0003999139404793648,
  "gbar_K_Pst.axon": 0.4646252886738182,
  "gbar_Kv3_1.soma": 0.0034802943325977723,
  "gbar_NaTs2_t.soma": 0.1280555094557302,
  "gbar_K_Pst.soma": 0.0010735094800631358,
  "gbar_K_Tst.axon": 0.3915068308596736,
  "gbar_SK.soma": 1.3370896613771069e-06,
  "gbar_SK.apic": 1.0034529519534363e-05,
  "gbar_SK.dend": 5.937176845603573e-06,
  "gbar_Kv3_1.axon": 0.8626835540908975,
  "gbar_Ca_LVA.axon": 0.007175584629662064,
  "gpeak_kBK.soma": 1.3855446472488233e-06,
  "gpeak_kBK.apic": 1.7488638671092647e-07,
  "gpeak_kBK.dend": 3.8577021995778605e-05,
  "gpeak_kBK.axon": 0.029597371301914675,
  "caVhmin_kBK.soma": -8.90705626795383,
  "caVhmin_kBK.apic": -17.65196754256827,
  "caVhmin_kBK.dend": -15.59512927545266,
  "caVhmin_kBK.axon": -0.6071560920391579
}