{
  "e_pas.all": -52.95883679510911,
  "cm.axon": 0.7233838009233762,
  "g_pas.all": 6.907821677041384e-05,
  "Ra.soma": 16.76974299195623,
  "Ra.apic": 16.76974299195623,
  "Ra.axon": 16.76974299195623,
  "cm.soma": 0.34613982290442014,
  "cm.dend": 0.016654313820551957,
  "cm.apic": 0.36208673696097393,
  "gbar_Ih.soma": 0.00018755265277372964,
  "gbar_Ih.apic": 2.7056945355328747e-05,
  "gbar_Ih.dend": 0.00019722009348865414,
  "gbar_Im.dend": 0.00043480645060808176,
  "decay_CaDynamics.axon": 425.7644609177786,
  "gbar_Ca_LVA.soma": 0.0010088099040271008,
  "gbar_Ca_LVA.apic": 0.006437641788283114,
  "gbar_Ca_LVA.dend": 0.0007313852770451564,
  "gbar_Nap_Et2.axon": 8.713112715586375e-05,
  "gamma_CaDynamics.axon": 0.00011390449716175092,
  "gbar_NaTa_t.axon": 4.0052680688632325,
  "gbar_K_Tst.soma": 0.28262633687226146,
  "gbar_Kv3_1.apic": 0.0075117974128628565,
  "gbar_Im.apic": 2.1913376138001596e-05,
  "gamma_CaDynamics.soma": 0.0009970639097084723,
  "gamma_CaDynamics.apic": 0.0408109385228651,
  "gamma_CaDynamics.dend": 0.05426365150819412,
  "gbar_Nap_Et2.soma": 0.0007560890799333251,
  "gbar_NaTs2_t.dend": 0.0006049381927993127,
  "decay_CaDynamics.soma": 204.58108964637222,
  "decay_CaDynamics.apic": 1218.4846005410047,
  "decay_CaDynamics.dend": 34.85777190365307,
  "gbar_Kv3_1.dend": 0.12026649155152815,
  "gbar_SK.axon": 0.13980741237118027,
  "gbar_Ca_HVA.soma": 3.3274755207356837e-06,
  "gbar_Ca_HVA.apic": 8.590258080075638e-06,
  "gbar_Ca_HVA.dend": 4.451953384328676e-06,
  "gbar_NaTs2_t.apic": 0.0007230472573891284,
  "gbar_Ca_HVA.axon": 0.0003755795960251415,
  "gbar_K_Pst.axon": 0.3168106044663834,
  "gbar_Kv3_1.soma": 0.0035746155876306106,
  "gbar_NaTs2_t.soma": 0.3588038126988925,
  "gbar_K_Pst.soma": 0.0004961598787827901,
  "gbar_K_Tst.axon": 0.587521281072438,
  "gbar_SK.soma": 8.828469916313055e-06,
  "gbar_SK.apic": 4.92737391165108e-06,
  "gbar_SK.dend": 2.4626464687178654e-06,
  "gbar_Kv3_1.axon": 0.9033931254606098,
  "gbar_Ca_LVA.axon": 0.0061844531850307645,
  "gpeak_kBK.soma": 0.0001801408086383417,
  "gpeak_kBK.apic": 1.084419484203291e-07,
  "gpeak_kBK.dend": 0.006883013067790829,
  "gpeak_kBK.axon": 0.01933225925741816,
  "caVhmin_kBK.soma": -12.11110487409659,
  "caVhmin_kBK.apic": -6.76720405545521,
  "caVhmin_kBK.dend": -15.54702376255494,
  "caVhmin_kBK.axon": -0.16680872759540555
}