{
  "e_pas.all": -56.10714837723678,
  "cm.axon": 0.2839226914238066,
  "g_pas.all": 0.00021588340360360333,
  "Ra.soma": 402.9588336979262,
  "Ra.apic": 402.9588336979262,
  "Ra.axon": 402.9588336979262,
  "cm.soma": 0.003279913663276291,
  "cm.dend": 0.00441677686269553,
  "cm.apic": 0.0002936922488017551,
  "gbar_Ih.soma": 7.315542618471469e-05,
  "gbar_Ih.apic": 7.437334128223383e-06,
  "gbar_Ih.dend": 0.00012014022537410807,
  "gbar_Im.dend": 9.639756451138289e-05,
  "decay_CaDynamics.axon": 130.5794135071816,
  "gbar_Ca_LVA.soma": 0.003775881606149819,
  "gbar_Ca_LVA.apic": 0.004656865998367594,
  "gbar_Ca_LVA.dend": 0.007962051515983138,
  "gbar_Nap_Et2.axon": 2.7286732933492214e-05,
  "gamma_CaDynamics.axon": 0.00033193185509214335,
  "gbar_NaTa_t.axon": 1.7543084891323655,
  "gbar_K_Tst.soma": 0.010471534519007793,
  "gbar_Kv3_1.apic": 0.060967670411725426,
  "gbar_Im.apic": 0.0028560598661876487,
  "gamma_CaDynamics.soma": 0.025131051017638868,
  "gamma_CaDynamics.apic": 0.03381354996407436,
  "gamma_CaDynamics.dend": 0.013390307726491165,
  "gbar_Nap_Et2.soma": 0.0005844967361077478,
  "gbar_NaTs2_t.dend": 0.007002532616980183,
  "decay_CaDynamics.soma": 192.7665014456533,
  "decay_CaDynamics.apic": 111.71782317604479,
  "decay_CaDynamics.dend": 539.3994017295726,
  "gbar_Kv3_1.dend": 0.07127267700326154,
  "gbar_SK.axon": 0.13786760654349298,
  "gbar_Ca_HVA.soma": 1.0335240102221994e-05,
  "gbar_Ca_HVA.apic": 1.8306389101504357e-05,
  "gbar_Ca_HVA.dend": 3.214460680619298e-05,
  "gbar_NaTs2_t.apic": 0.005090680068434193,
  "gbar_Ca_HVA.axon": 0.0007405938091694372,
  "gbar_K_Pst.axon": 0.18644636849170854,
  "gbar_Kv3_1.soma": 0.000672094405674512,
  "gbar_NaTs2_t.soma": 0.018373312340849407,
  "gbar_K_Pst.soma": 0.016955656463476642,
  "gbar_K_Tst.axon": 0.10858620852684392,
  "gbar_SK.soma": 1.4366748878855877e-05,
  "gbar_SK.apic": 8.144565269689195e-07,
  "gbar_SK.dend": 3.2639680130396603e-09,
  "gbar_Kv3_1.axon": 0.02799079114445624,
  "gbar_Ca_LVA.axon": 0.0016704124888229387,
  "gpeak_kBK.soma": 0.0004867860275348466,
  "gpeak_kBK.apic": 0.05159030551671923,
  "gpeak_kBK.dend": 1.719907526603697e-06,
  "gpeak_kBK.axon": 0.04091611469119201,
  "caVhmin_kBK.soma": -12.935926036399444,
  "caVhmin_kBK.apic": -9.433291212806292,
  "caVhmin_kBK.dend": -34.980074265731645,
  "caVhmin_kBK.axon": -0.36753184336373446
}