{
    "e_pas.all": -44.58056320111672,
    "cm.axon": 0.8869621473550997,
    "g_pas.all": 5.92309140556144e-05,
    "Ra.all": 102.34162719759522,
    "cm.soma": 0.10510287692307398,
    "cm.dend": 0.2968706107571047,
    "cm.apic": 0.3466995009940192,
    "gbar_Ih.soma": 0.00014060258357920664,
    "gbar_Ih.apic": 8.257623549462787e-07,
    "gbar_Ih.dend": 0.00024683832902598163,
    "gbar_Im.dend": 0.000204802345574825,
    "decay_CaDynamics.axon": 374.3313645884891,
    "gbar_Ca_LVA.soma": 0.009855292476357339,
    "gbar_Ca_LVA.apic": 0.002494882586203949,
    "gbar_Ca_LVA.dend": 0.008243932817778023,
    "gbar_Nap_Et2.axon": 7.16683592537921e-05,
    "gamma_CaDynamics.axon": 0.0005669351098517324,
    "gbar_NaTa_t.axon": 4.084522178358397,
    "gbar_K_Tst.soma": 0.04492611723024137,
    "gbar_Kv3_1.apic": 0.04114981325284679,
    "gbar_Im.apic": 0.0005320394077209552,
    "gamma_CaDynamics.soma": 0.008638996256566236,
    "gamma_CaDynamics.apic": 0.07924456577887712,
    "gamma_CaDynamics.dend": 0.020480709227527438,
    "gbar_Nap_Et2.soma": 0.0006361671691273305,
    "gbar_NaTs2_t.dend": 0.007170727152698484,
    "decay_CaDynamics.soma": 898.6608034115824,
    "decay_CaDynamics.apic": 1636.1675490410307,
    "decay_CaDynamics.dend": 19.271408224293566,
    "gbar_Kv3_1.dend": 0.007725745864240295,
    "gbar_SK.axon": 0.0474298370108967,
    "gbar_Ca_HVA.soma": 3.076926550483861e-05,
    "gbar_Ca_HVA.apic": 3.197730178901214e-05,
    "gbar_Ca_HVA.dend": 2.301024342087354e-06,
    "gbar_NaTs2_t.apic": 0.0020484240851474647,
    "gbar_Ca_HVA.axon": 0.0003433457991605682,
    "gbar_K_Pst.axon": 0.16458248936998682,
    "gbar_Kv3_1.soma": 0.0028995680729316823,
    "gbar_NaTs2_t.soma": 0.15236209073510054,
    "gbar_K_Pst.soma": 0.009569096290078032,
    "gbar_K_Tst.axon": 0.5016645531344119,
    "gbar_SK.soma": 2.5208550127234984e-06,
    "gbar_SK.apic": 1.0262920539456354e-05,
    "gbar_SK.dend": 5.029897491646523e-06,
    "gbar_Kv3_1.axon": 0.37678204034137414,
    "gbar_Ca_LVA.axon": 0.006062945137847303,
    "gpeak_kBK.soma": 4.98927001580017e-05,
    "gpeak_kBK.apic": 5.948348248599796e-05,
    "gpeak_kBK.dend": 0.03249465766668288,
    "gpeak_kBK.axon": 0.049423703470222076,
    "caVhmin_kBK.soma": -9.913824592407101,
    "caVhmin_kBK.apic": -29.988927951372116,
    "caVhmin_kBK.dend": -0.15816325583765356,
    "caVhmin_kBK.axon": -6.964314760658935,
    "Ra.soma": 102.34162719759522,
    "Ra.dend": 102.34162719759522,
    "Ra.axon": 102.34162719759522,
    "Ra.apic": 59.03823477637198
}