{
    "e_pas.all": -73.74853327795141,
    "cm.axon": 1.1437686377291105,
    "g_pas.all": 0.00010160241300472214,
    "Ra.all": 59.12312699616604,
    "cm.soma": 0.007956471965601898,
    "cm.dend": 4.1746908078938345,
    "cm.apic": 1.086141910957046,
    "gbar_Ih.soma": 5.0507172589440335e-05,
    "gbar_Ih.apic": 1.7247920326503838e-05,
    "gbar_Ih.dend": 0.0001119929594050069,
    "gbar_Im.dend": 0.0005266495499593608,
    "decay_CaDynamics.axon": 552.6366805483054,
    "gbar_Ca_LVA.soma": 0.002888669158987144,
    "gbar_Ca_LVA.apic": 0.0008149511925184345,
    "gbar_Ca_LVA.dend": 0.00023440173305461416,
    "gbar_Nap_Et2.axon": 1.4129717652250272e-05,
    "gamma_CaDynamics.axon": 0.0006691649539179056,
    "gbar_NaTa_t.axon": 4.926618441034836,
    "gbar_K_Tst.soma": 0.4597906926737363,
    "gbar_Kv3_1.apic": 0.0413531146475605,
    "gbar_Im.apic": 0.0003060675440283732,
    "gamma_CaDynamics.soma": 0.011576613495865057,
    "gamma_CaDynamics.apic": 0.004169754943495198,
    "gamma_CaDynamics.dend": 0.0008781285275770768,
    "gbar_Nap_Et2.soma": 3.049986234630233e-05,
    "gbar_NaTs2_t.dend": 0.009748059909124161,
    "decay_CaDynamics.soma": 1301.1582758612842,
    "decay_CaDynamics.apic": 642.9403829470466,
    "decay_CaDynamics.dend": 1387.4134126515544,
    "gbar_Kv3_1.dend": 0.01265409958935279,
    "gbar_SK.axon": 0.12143257731492321,
    "gbar_Ca_HVA.soma": 2.9395058934357688e-05,
    "gbar_Ca_HVA.apic": 9.659247646492126e-06,
    "gbar_Ca_HVA.dend": 2.3818711872903976e-05,
    "gbar_NaTs2_t.apic": 1.787180096315869e-05,
    "gbar_Ca_HVA.axon": 2.096133005174123e-05,
    "gbar_K_Pst.axon": 0.0775029839244836,
    "gbar_Kv3_1.soma": 0.006033470363112426,
    "gbar_NaTs2_t.soma": 0.19415758873409888,
    "gbar_K_Pst.soma": 0.005611843531963657,
    "gbar_K_Tst.axon": 0.9202755326118187,
    "gbar_SK.soma": 1.4375011444718098e-05,
    "gbar_SK.apic": 7.3331400023347705e-06,
    "gbar_SK.dend": 6.242923126595306e-06,
    "gbar_Kv3_1.axon": 0.3252051213235683,
    "gbar_Ca_LVA.axon": 0.003927551675004563,
    "gpeak_kBK.soma": 6.629703129208865e-08,
    "gpeak_kBK.apic": 0.0001641407685150822,
    "gpeak_kBK.dend": 3.5773255723876724e-05,
    "gpeak_kBK.axon": 0.003707981738661518,
    "caVhmin_kBK.soma": -42.2895473519677,
    "caVhmin_kBK.apic": -12.317460974908549,
    "caVhmin_kBK.dend": -12.762693034493847,
    "caVhmin_kBK.axon": -6.521452562659812,
    "Ra.soma": 59.12312699616604,
    "Ra.dend": 59.12312699616604,
    "Ra.axon": 59.12312699616604,
    "Ra.apic": 59.12312699616604
}