{
    "e_pas.all": -68.85322200367769,
    "cm.axon": 0.20299425295958512,
    "g_pas.all": 0.00010057724387308131,
    "Ra.all": 88.65209690306175,
    "cm.soma": 0.4366874774607058,
    "cm.dend": 0.42866178407105204,
    "cm.apic": 0.35697083194378265,
    "gbar_Ih.soma": 0.00018385868989171102,
    "gbar_Ih.apic": 1.4309370058027007e-05,
    "gbar_Ih.dend": 0.00022598613256937018,
    "gbar_Im.dend": 2.8346419004832678e-05,
    "decay_CaDynamics.axon": 112.23191086759313,
    "gbar_Ca_LVA.soma": 0.01013560119707864,
    "gbar_Ca_LVA.apic": 0.002061585573972722,
    "gbar_Ca_LVA.dend": 0.0037876700294671973,
    "gbar_Nap_Et2.axon": 8.751956491957562e-05,
    "gamma_CaDynamics.axon": 0.0009117300839886567,
    "gbar_NaTa_t.axon": 4.385741046491181,
    "gbar_K_Tst.soma": 0.1157329875680344,
    "gbar_Kv3_1.apic": 0.0006557101974523063,
    "gbar_Im.apic": 0.00027346045398475447,
    "gamma_CaDynamics.soma": 0.05659449182747341,
    "gamma_CaDynamics.apic": 0.00205838731264205,
    "gamma_CaDynamics.dend": 0.011388801431508291,
    "gbar_Nap_Et2.soma": 4.8669955460957393e-05,
    "gbar_NaTs2_t.dend": 0.009985596257453702,
    "decay_CaDynamics.soma": 4.077527208538529,
    "decay_CaDynamics.apic": 358.93575256075513,
    "decay_CaDynamics.dend": 6.93299453255446,
    "gbar_Kv3_1.dend": 0.0017467674728385155,
    "gbar_SK.axon": 0.015149611728318153,
    "gbar_Ca_HVA.soma": 9.228011684287876e-06,
    "gbar_Ca_HVA.apic": 3.895360790756391e-05,
    "gbar_Ca_HVA.dend": 3.1515770791111065e-05,
    "gbar_NaTs2_t.apic": 0.0006438277913333921,
    "gbar_Ca_HVA.axon": 0.000778882048974576,
    "gbar_K_Pst.axon": 0.11617387561462181,
    "gbar_Kv3_1.soma": 0.0008423657130778059,
    "gbar_NaTs2_t.soma": 0.07814217970951703,
    "gbar_K_Pst.soma": 0.008211260570206151,
    "gbar_K_Tst.axon": 0.4095741979744786,
    "gbar_SK.soma": 1.3468841038601928e-05,
    "gbar_SK.apic": 8.683044074597872e-06,
    "gbar_SK.dend": 6.149648316730093e-07,
    "gbar_Kv3_1.axon": 0.2745965076871752,
    "gbar_Ca_LVA.axon": 0.003933727713141799,
    "gpeak_kBK.soma": 2.3172713122749837e-06,
    "gpeak_kBK.apic": 1.8248675724324164e-05,
    "gpeak_kBK.dend": 0.0021038362849958425,
    "gpeak_kBK.axon": 9.81722948792136e-05,
    "caVhmin_kBK.soma": -14.193277912767018,
    "caVhmin_kBK.apic": -9.764627008744103,
    "caVhmin_kBK.dend": -0.4876536916627383,
    "caVhmin_kBK.axon": -5.810773529324142,
    "Ra.soma": 88.65209690306175,
    "Ra.dend": 88.65209690306175,
    "Ra.axon": 88.65209690306175,
    "Ra.apic": 51.14109921542875
}