{
    "e_pas.all": -68.10636596452689,
    "cm.axon": 0.4998774118131918,
    "g_pas.all": 7.222349214118474e-05,
    "Ra.all": 171.8556461103075,
    "cm.soma": 0.3203880589525623,
    "cm.dend": 2.9314110915175187,
    "cm.apic": 1.8021313219341488,
    "gbar_Ih.soma": 0.0001458161186279836,
    "gbar_Ih.apic": 9.619505713687658e-06,
    "gbar_Ih.dend": 0.0001755470999068665,
    "gbar_Im.dend": 0.0004285788600281711,
    "decay_CaDynamics.axon": 450.0784102552088,
    "gbar_Ca_LVA.soma": 0.002081751814441558,
    "gbar_Ca_LVA.apic": 0.00042586333291535843,
    "gbar_Ca_LVA.dend": 5.63782591761699e-05,
    "gbar_Nap_Et2.axon": 2.7879390061107957e-05,
    "gamma_CaDynamics.axon": 0.0001550298065181749,
    "gbar_NaTa_t.axon": 5.564044323381753,
    "gbar_K_Tst.soma": 0.46269133270497675,
    "gbar_Kv3_1.apic": 0.023740889418294622,
    "gbar_Im.apic": 0.0013953020896961715,
    "gamma_CaDynamics.soma": 0.04622725835103676,
    "gamma_CaDynamics.apic": 0.026523456608470122,
    "gamma_CaDynamics.dend": 0.059201539456330755,
    "gbar_Nap_Et2.soma": 9.017859524588512e-06,
    "gbar_NaTs2_t.dend": 0.0023888193739168544,
    "decay_CaDynamics.soma": 196.53177781242564,
    "decay_CaDynamics.apic": 11.618694913996176,
    "decay_CaDynamics.dend": 1229.7740683182055,
    "gbar_Kv3_1.dend": 0.011642377422564517,
    "gbar_SK.axon": 0.0894604719217435,
    "gbar_Ca_HVA.soma": 2.74696377519803e-05,
    "gbar_Ca_HVA.apic": 2.334375471899328e-05,
    "gbar_Ca_HVA.dend": 1.6607088943252423e-05,
    "gbar_NaTs2_t.apic": 0.0014899782441538684,
    "gbar_Ca_HVA.axon": 0.0008773443962422392,
    "gbar_K_Pst.axon": 0.08181074186890394,
    "gbar_Kv3_1.soma": 0.0034540211237456884,
    "gbar_NaTs2_t.soma": 0.15164084063797234,
    "gbar_K_Pst.soma": 0.0011145621807897045,
    "gbar_K_Tst.axon": 0.19829754412484699,
    "gbar_SK.soma": 6.469707486315467e-06,
    "gbar_SK.apic": 6.872345223064773e-07,
    "gbar_SK.dend": 1.3696701189911676e-05,
    "gbar_Kv3_1.axon": 0.0731329169283147,
    "gbar_Ca_LVA.axon": 0.00039221621332667536,
    "gpeak_kBK.soma": 7.85015204527502e-07,
    "gpeak_kBK.apic": 0.0042596125663516456,
    "gpeak_kBK.dend": 4.688738672752798e-05,
    "gpeak_kBK.axon": 0.09029347344617114,
    "caVhmin_kBK.soma": -21.899341033185475,
    "caVhmin_kBK.apic": -0.6065212856759103,
    "caVhmin_kBK.dend": -21.94925958576022,
    "caVhmin_kBK.axon": -11.514090453322448,
    "Ra.soma": 171.8556461103075,
    "Ra.dend": 171.8556461103075,
    "Ra.axon": 171.8556461103075,
    "Ra.apic": 99.13907234556693
}