{
    "e_pas.all": -62.31909444259173,
    "cm.axon": 0.1717031326321919,
    "g_pas.all": 5.73568379541737e-05,
    "Ra.all": 136.07882225477306,
    "cm.soma": 0.5044316187549285,
    "cm.dend": 1.8589011080839322,
    "cm.apic": 0.3791285235241616,
    "gbar_Ih.soma": 0.00015749166586883904,
    "gbar_Ih.apic": 8.788631611346778e-07,
    "gbar_Ih.dend": 0.00016653417913099482,
    "gbar_Im.dend": 1.649624670374737e-05,
    "decay_CaDynamics.axon": 117.3361845985323,
    "gbar_Ca_LVA.soma": 0.006257189862306388,
    "gbar_Ca_LVA.apic": 0.0058689184500202085,
    "gbar_Ca_LVA.dend": 0.003525061294016779,
    "gbar_Nap_Et2.axon": 1.8976575790798293e-05,
    "gamma_CaDynamics.axon": 0.0007173287941648281,
    "gbar_NaTa_t.axon": 3.990060450525405,
    "gbar_K_Tst.soma": 0.0001789708062626814,
    "gbar_Kv3_1.apic": 0.00034232728176125264,
    "gbar_Im.apic": 0.00025321153944565507,
    "gamma_CaDynamics.soma": 0.040729760575734825,
    "gamma_CaDynamics.apic": 0.022547650630208183,
    "gamma_CaDynamics.dend": 0.044645846016962976,
    "gbar_Nap_Et2.soma": 1.0054550750363794e-05,
    "gbar_NaTs2_t.dend": 0.010131632502054524,
    "decay_CaDynamics.soma": 0.6860005753537339,
    "decay_CaDynamics.apic": 18.166968464017916,
    "decay_CaDynamics.dend": 39.43725460301148,
    "gbar_Kv3_1.dend": 0.0034013790622390927,
    "gbar_SK.axon": 0.15797725945153096,
    "gbar_Ca_HVA.soma": 9.036244961117015e-06,
    "gbar_Ca_HVA.apic": 1.3188538213833201e-05,
    "gbar_Ca_HVA.dend": 3.539393075659011e-05,
    "gbar_NaTs2_t.apic": 0.0006904648247959583,
    "gbar_Ca_HVA.axon": 0.00030712421595741805,
    "gbar_K_Pst.axon": 0.14282927903743087,
    "gbar_Kv3_1.soma": 0.002640219020894477,
    "gbar_NaTs2_t.soma": 0.10982452930807418,
    "gbar_K_Pst.soma": 0.00012909924537389083,
    "gbar_K_Tst.axon": 0.7982760776033355,
    "gbar_SK.soma": 1.4378067208064821e-05,
    "gbar_SK.apic": 7.359803082710226e-06,
    "gbar_SK.dend": 3.570972768407114e-06,
    "gbar_Kv3_1.axon": 0.3108317531640613,
    "gbar_Ca_LVA.axon": 0.0031935156103160872,
    "gpeak_kBK.soma": 7.642321779555092e-05,
    "gpeak_kBK.apic": 9.19116278332173e-07,
    "gpeak_kBK.dend": 2.986774897349986e-05,
    "gpeak_kBK.axon": 0.024307616036424312,
    "caVhmin_kBK.soma": -0.46636743312470563,
    "caVhmin_kBK.apic": -23.69897264241309,
    "caVhmin_kBK.dend": -6.574052959117486,
    "caVhmin_kBK.axon": -10.835798988759102,
    "Ra.soma": 136.07882225477306,
    "Ra.dend": 136.07882225477306,
    "Ra.axon": 136.07882225477306,
    "Ra.apic": 78.50034904035863
}