{
    "e_pas.all": -53.47373442438023,
    "cm.axon": 0.029080673921103396,
    "g_pas.all": 9.911493353992252e-05,
    "Ra.all": 13.288824726634783,
    "cm.soma": 0.8503447067363654,
    "cm.dend": 6.656518282992004,
    "cm.apic": 1.394748044956544,
    "gbar_Ih.soma": 0.00015605808166206913,
    "gbar_Ih.apic": 7.53209191206929e-06,
    "gbar_Ih.dend": 8.588431150729043e-05,
    "gbar_Im.dend": 0.00016439285630315568,
    "decay_CaDynamics.axon": 295.35954161542975,
    "gbar_Ca_LVA.soma": 0.0020320723602893697,
    "gbar_Ca_LVA.apic": 0.0026251300351176968,
    "gbar_Ca_LVA.dend": 0.008256208089375506,
    "gbar_Nap_Et2.axon": 1.870333497719791e-05,
    "gamma_CaDynamics.axon": 0.0009589090809937671,
    "gbar_NaTa_t.axon": 1.6249053655741539,
    "gbar_K_Tst.soma": 0.2917400470603234,
    "gbar_Kv3_1.apic": 0.0115026763711891,
    "gbar_Im.apic": 0.0008042292839587103,
    "gamma_CaDynamics.soma": 0.05369446613808529,
    "gamma_CaDynamics.apic": 0.04862493413714135,
    "gamma_CaDynamics.dend": 0.02183816875030728,
    "gbar_Nap_Et2.soma": 0.00030052361745347845,
    "gbar_NaTs2_t.dend": 0.008830589220434837,
    "decay_CaDynamics.soma": 447.1455120585051,
    "decay_CaDynamics.apic": 328.2276994497363,
    "decay_CaDynamics.dend": 1118.7528276088683,
    "gbar_Kv3_1.dend": 0.0067509619158136955,
    "gbar_SK.axon": 0.07331105502922529,
    "gbar_Ca_HVA.soma": 2.7989110649404308e-05,
    "gbar_Ca_HVA.apic": 2.144959224248762e-05,
    "gbar_Ca_HVA.dend": 3.0314616620395685e-05,
    "gbar_NaTs2_t.apic": 0.000905604391926578,
    "gbar_Ca_HVA.axon": 3.2004797699203215e-07,
    "gbar_K_Pst.axon": 0.12235485304136881,
    "gbar_Kv3_1.soma": 0.002283349625393883,
    "gbar_NaTs2_t.soma": 0.4641332319227107,
    "gbar_K_Pst.soma": 0.019407762619412895,
    "gbar_K_Tst.axon": 0.3287970348584882,
    "gbar_SK.soma": 1.1030196113400553e-05,
    "gbar_SK.apic": 4.0464693493393e-06,
    "gbar_SK.dend": 5.2161084384476995e-06,
    "gbar_Kv3_1.axon": 1.4209473069445282,
    "gbar_Ca_LVA.axon": 0.0035417550348078447,
    "gpeak_kBK.soma": 8.496547037273093e-06,
    "gpeak_kBK.apic": 0.00037788984457506566,
    "gpeak_kBK.dend": 3.8446537769964265e-06,
    "gpeak_kBK.axon": 0.040269470963738035,
    "caVhmin_kBK.soma": -3.0776566520647908,
    "caVhmin_kBK.apic": -0.3564415932481808,
    "caVhmin_kBK.dend": -33.06131399540949,
    "caVhmin_kBK.axon": -13.447945499486057,
    "Ra.soma": 13.288824726634783,
    "Ra.dend": 13.288824726634783,
    "Ra.axon": 13.288824726634783,
    "Ra.apic": 7.665978894378538
}