{
    "e_pas.all": -62.388456418345065,
    "cm.axon": 0.038885080267226035,
    "g_pas.all": 0.00025611527735663783,
    "Ra.all": 16.531380532833076,
    "cm.soma": 0.004231861912500539,
    "cm.dend": 0.01110083161367992,
    "cm.apic": 0.0009999156772933552,
    "gbar_Ih.soma": 6.337560738679061e-05,
    "gbar_Ih.apic": 2.5094238268645622e-05,
    "gbar_Ih.dend": 8.193158231290991e-05,
    "gbar_Im.dend": 0.00033444835270038896,
    "decay_CaDynamics.axon": 120.49086891078392,
    "gbar_Ca_LVA.soma": 0.008765818054576198,
    "gbar_Ca_LVA.apic": 0.00025404314790183164,
    "gbar_Ca_LVA.dend": 0.0034430072994657106,
    "gbar_Nap_Et2.axon": 1.6558711773677032e-05,
    "gamma_CaDynamics.axon": 0.0006462884255882469,
    "gbar_NaTa_t.axon": 0.23218472038168902,
    "gbar_K_Tst.soma": 0.09702574667341862,
    "gbar_Kv3_1.apic": 0.021109802056542656,
    "gbar_Im.apic": 0.0011082726882538098,
    "gamma_CaDynamics.soma": 0.0732493469129981,
    "gamma_CaDynamics.apic": 0.015389149203431977,
    "gamma_CaDynamics.dend": 0.020607135957564297,
    "gbar_Nap_Et2.soma": 0.000770185985188666,
    "gbar_NaTs2_t.dend": 0.009262313738830949,
    "decay_CaDynamics.soma": 37.876723678844094,
    "decay_CaDynamics.apic": 530.0136577029659,
    "decay_CaDynamics.dend": 1390.8200208822302,
    "gbar_Kv3_1.dend": 0.005283536567747755,
    "gbar_SK.axon": 0.16347376555403342,
    "gbar_Ca_HVA.soma": 3.383912116201842e-05,
    "gbar_Ca_HVA.apic": 8.790505503719581e-06,
    "gbar_Ca_HVA.dend": 1.3313071639091557e-06,
    "gbar_NaTs2_t.apic": 0.0031498215056599845,
    "gbar_Ca_HVA.axon": 0.0007545548056387487,
    "gbar_K_Pst.axon": 0.309932905280132,
    "gbar_Kv3_1.soma": 0.0030607431761444652,
    "gbar_NaTs2_t.soma": 0.047607352038184565,
    "gbar_K_Pst.soma": 0.00828800916283683,
    "gbar_K_Tst.axon": 0.21600513501968793,
    "gbar_SK.soma": 2.343719990867261e-06,
    "gbar_SK.apic": 8.653531239805011e-06,
    "gbar_SK.dend": 4.335579866973057e-06,
    "gbar_Kv3_1.axon": 0.06884374341227728,
    "gbar_Ca_LVA.axon": 0.001785180380279358,
    "gpeak_kBK.soma": 0.00017130599862317259,
    "gpeak_kBK.apic": 2.6324765273050537e-05,
    "gpeak_kBK.dend": 2.2282552285972253e-06,
    "gpeak_kBK.axon": 0.011289912058350442,
    "caVhmin_kBK.soma": -13.03984330602636,
    "caVhmin_kBK.apic": -6.704852333666526,
    "caVhmin_kBK.dend": -1.3736510734215777,
    "caVhmin_kBK.axon": -6.945747382866236,
    "Ra.soma": 16.531380532833076,
    "Ra.dend": 16.531380532833076,
    "Ra.axon": 16.531380532833076,
    "Ra.apic": 16.531380532833076
}