{
    "e_pas.all": -64.88063790763881,
    "cm.axon": 0.27201747189124326,
    "g_pas.all": 7.762958903495898e-05,
    "Ra.all": 16.65019638635795,
    "cm.soma": 0.712761893947072,
    "cm.dend": 3.2866460358023,
    "cm.apic": 1.341398432717111,
    "gbar_Ih.soma": 0.00016841604675153958,
    "gbar_Ih.apic": 8.479531476113454e-06,
    "gbar_Ih.dend": 0.0001934962127100112,
    "gbar_Im.dend": 3.029506060678703e-05,
    "decay_CaDynamics.axon": 161.65028463308477,
    "gbar_Ca_LVA.soma": 0.0001781117999230733,
    "gbar_Ca_LVA.apic": 0.0027828061717211495,
    "gbar_Ca_LVA.dend": 0.0002311585402034301,
    "gbar_Nap_Et2.axon": 8.201077466987729e-05,
    "gamma_CaDynamics.axon": 0.0007276681739215047,
    "gbar_NaTa_t.axon": 2.055993770193141,
    "gbar_K_Tst.soma": 0.4027296495673876,
    "gbar_Kv3_1.apic": 0.03321193996523602,
    "gbar_Im.apic": 2.8872219106468406e-05,
    "gamma_CaDynamics.soma": 0.009274871511319584,
    "gamma_CaDynamics.apic": 0.07219038962788218,
    "gamma_CaDynamics.dend": 0.025967071778142496,
    "gbar_Nap_Et2.soma": 0.00016110600981605696,
    "gbar_NaTs2_t.dend": 0.00010923121641231038,
    "decay_CaDynamics.soma": 0.7499993425636404,
    "decay_CaDynamics.apic": 0.9232046693513496,
    "decay_CaDynamics.dend": 9.704858956112329,
    "gbar_Kv3_1.dend": 0.0038178204695767286,
    "gbar_SK.axon": 0.007633460398632101,
    "gbar_Ca_HVA.soma": 1.7847025487561064e-05,
    "gbar_Ca_HVA.apic": 2.1049331077757025e-05,
    "gbar_Ca_HVA.dend": 2.5687258782795153e-05,
    "gbar_NaTs2_t.apic": 0.0021559879640007224,
    "gbar_Ca_HVA.axon": 0.00042018130446562344,
    "gbar_K_Pst.axon": 0.1451508866502672,
    "gbar_Kv3_1.soma": 0.0005939991419275167,
    "gbar_NaTs2_t.soma": 0.3169993982586872,
    "gbar_K_Pst.soma": 0.015297961906912575,
    "gbar_K_Tst.axon": 0.43490938480208546,
    "gbar_SK.soma": 8.646032146975711e-06,
    "gbar_SK.apic": 2.4620156246329647e-06,
    "gbar_SK.dend": 1.3845182050476697e-05,
    "gbar_Kv3_1.axon": 0.6588461446405202,
    "gbar_Ca_LVA.axon": 0.004099827104365938,
    "gpeak_kBK.soma": 5.270258287148172e-05,
    "gpeak_kBK.apic": 4.204962527191288e-08,
    "gpeak_kBK.dend": 0.00018078949002803399,
    "gpeak_kBK.axon": 0.010483937868153659,
    "caVhmin_kBK.soma": -31.089206775601085,
    "caVhmin_kBK.apic": -14.688682636261289,
    "caVhmin_kBK.dend": -8.864609932430504,
    "caVhmin_kBK.axon": -24.32176454413176,
    "Ra.soma": 16.65019638635795,
    "Ra.dend": 16.65019638635795,
    "Ra.axon": 16.65019638635795,
    "Ra.apic": 9.60506716814836
}