{
    "e_pas.all": -65.63913754206473,
    "cm.axon": 0.68292816781769,
    "g_pas.all": 8.878226345299064e-05,
    "Ra.all": 98.6418329986238,
    "cm.soma": 1.2366859424226135,
    "cm.dend": 3.1350368336371335,
    "cm.apic": 0.5884967229502364,
    "gbar_Ih.soma": 7.468391427710548e-05,
    "gbar_Ih.apic": 3.6305093014515705e-05,
    "gbar_Ih.dend": 0.0002017625299276446,
    "gbar_Im.dend": 0.00015699563242256947,
    "decay_CaDynamics.axon": 272.0472887644807,
    "gbar_Ca_LVA.soma": 0.008782504087675952,
    "gbar_Ca_LVA.apic": 0.009501453651522329,
    "gbar_Ca_LVA.dend": 0.007663167302921196,
    "gbar_Nap_Et2.axon": 5.3329367130290474e-05,
    "gamma_CaDynamics.axon": 0.0008227249706656545,
    "gbar_NaTa_t.axon": 1.91418673280709,
    "gbar_K_Tst.soma": 0.22325359899377537,
    "gbar_Kv3_1.apic": 0.058287152314281214,
    "gbar_Im.apic": 0.0030494482558586764,
    "gamma_CaDynamics.soma": 0.010954149028999858,
    "gamma_CaDynamics.apic": 0.07930837360842627,
    "gamma_CaDynamics.dend": 0.026003567780766054,
    "gbar_Nap_Et2.soma": 4.239121452348275e-05,
    "gbar_NaTs2_t.dend": 0.005495859398822653,
    "decay_CaDynamics.soma": 0.12434710592523993,
    "decay_CaDynamics.apic": 11.760905946304543,
    "decay_CaDynamics.dend": 21.223217715013746,
    "gbar_Kv3_1.dend": 0.02627660098602307,
    "gbar_SK.axon": 0.03756358970816296,
    "gbar_Ca_HVA.soma": 2.05530989599554e-05,
    "gbar_Ca_HVA.apic": 3.5808680126785376e-05,
    "gbar_Ca_HVA.dend": 2.995037654672408e-05,
    "gbar_NaTs2_t.apic": 0.0030743280233959617,
    "gbar_Ca_HVA.axon": 0.00019317770842943664,
    "gbar_K_Pst.axon": 0.5039700266706442,
    "gbar_Kv3_1.soma": 0.0022394314949625987,
    "gbar_NaTs2_t.soma": 0.2901491217029155,
    "gbar_K_Pst.soma": 0.00021274563334595692,
    "gbar_K_Tst.axon": 1.0450311241605934,
    "gbar_SK.soma": 8.109915427726728e-06,
    "gbar_SK.apic": 9.234523026236924e-06,
    "gbar_SK.dend": 1.4317178964726396e-06,
    "gbar_Kv3_1.axon": 0.3303006495702503,
    "gbar_Ca_LVA.axon": 0.007961990157637894,
    "gpeak_kBK.soma": 8.024243650117889e-05,
    "gpeak_kBK.apic": 0.009335460077015257,
    "gpeak_kBK.dend": 0.0006302059422801827,
    "gpeak_kBK.axon": 0.00018935588543053466,
    "caVhmin_kBK.soma": -44.15859769153087,
    "caVhmin_kBK.apic": -0.7034178684811401,
    "caVhmin_kBK.dend": -16.675272253621287,
    "caVhmin_kBK.axon": -7.266657252931125,
    "Ra.soma": 98.6418329986238,
    "Ra.dend": 98.6418329986238,
    "Ra.axon": 98.6418329986238,
    "Ra.apic": 98.6418329986238
}