{
    "e_pas.all": -64.76412182306896,
    "cm.axon": 0.5209020705625067,
    "g_pas.all": 9.420745748366757e-05,
    "Ra.all": 10.390806378294025,
    "cm.soma": 0.000798031693150825,
    "cm.dend": 0.017030095001743063,
    "cm.apic": 0.001276173018608856,
    "gbar_Ih.soma": 0.00013470339343256343,
    "gbar_Ih.apic": 1.3651739834331937e-05,
    "gbar_Ih.dend": 0.00021020775964294971,
    "gbar_Im.dend": 0.00024175953100955493,
    "decay_CaDynamics.axon": 236.61485174946296,
    "gbar_Ca_LVA.soma": 0.00681576693943852,
    "gbar_Ca_LVA.apic": 0.007907632050988439,
    "gbar_Ca_LVA.dend": 0.0014154957413847293,
    "gbar_Nap_Et2.axon": 4.073521896352339e-05,
    "gamma_CaDynamics.axon": 0.0006140135430324371,
    "gbar_NaTa_t.axon": 2.4672880262672443,
    "gbar_K_Tst.soma": 0.3567084799223285,
    "gbar_Kv3_1.apic": 0.0068993169186968946,
    "gbar_Im.apic": 5.235528906396873e-06,
    "gamma_CaDynamics.soma": 0.05466688686753809,
    "gamma_CaDynamics.apic": 0.012539155831396578,
    "gamma_CaDynamics.dend": 0.0467825720377993,
    "gbar_Nap_Et2.soma": 0.0005785836888551012,
    "gbar_NaTs2_t.dend": 0.0014998807590192343,
    "decay_CaDynamics.soma": 12.737587690375364,
    "decay_CaDynamics.apic": 63.80523175011074,
    "decay_CaDynamics.dend": 1169.726462879061,
    "gbar_Kv3_1.dend": 0.0035235504432217135,
    "gbar_SK.axon": 0.026544692099556184,
    "gbar_Ca_HVA.soma": 2.4794397054970486e-05,
    "gbar_Ca_HVA.apic": 4.041811938002719e-05,
    "gbar_Ca_HVA.dend": 3.369790542896857e-05,
    "gbar_NaTs2_t.apic": 0.004191269676301815,
    "gbar_Ca_HVA.axon": 0.0008799912357869878,
    "gbar_K_Pst.axon": 0.3165957746374307,
    "gbar_Kv3_1.soma": 0.005453715670493296,
    "gbar_NaTs2_t.soma": 0.13262979307077427,
    "gbar_K_Pst.soma": 0.007152776252849155,
    "gbar_K_Tst.axon": 0.2437329471338436,
    "gbar_SK.soma": 1.022862625300681e-05,
    "gbar_SK.apic": 1.0867068082180072e-05,
    "gbar_SK.dend": 3.1116655597695543e-06,
    "gbar_Kv3_1.axon": 0.27585853742589234,
    "gbar_Ca_LVA.axon": 0.003945677360598213,
    "gpeak_kBK.soma": 0.00012544488919489426,
    "gpeak_kBK.apic": 0.0019373262469646573,
    "gpeak_kBK.dend": 6.369012379614167e-05,
    "gpeak_kBK.axon": 0.048375163010660666,
    "caVhmin_kBK.soma": -39.44009095951318,
    "caVhmin_kBK.apic": -10.344444938068893,
    "caVhmin_kBK.dend": -2.7761223497252057,
    "caVhmin_kBK.axon": -4.940671439030362,
    "Ra.soma": 10.390806378294025,
    "Ra.dend": 10.390806378294025,
    "Ra.axon": 10.390806378294025,
    "Ra.apic": 5.994187148237573
}