{
    "e_pas.all": -73.64714258422237,
    "cm.axon": 1.4318800819072566,
    "g_pas.all": 9.38247959231042e-05,
    "Ra.all": 163.94747798179716,
    "cm.soma": 0.3033185528048714,
    "cm.dend": 1.9036055861281562,
    "cm.apic": 0.43829823633871623,
    "gbar_Ih.soma": 9.500782858136008e-05,
    "gbar_Ih.apic": 1.8615152835441613e-05,
    "gbar_Ih.dend": 0.00010751035158340947,
    "gbar_Im.dend": 0.0005259007644857964,
    "decay_CaDynamics.axon": 477.6795687873363,
    "gbar_Ca_LVA.soma": 0.00869895596405013,
    "gbar_Ca_LVA.apic": 0.002501191660813077,
    "gbar_Ca_LVA.dend": 0.002010817124011501,
    "gbar_Nap_Et2.axon": 5.586960281677452e-06,
    "gamma_CaDynamics.axon": 0.0009600167581790688,
    "gbar_NaTa_t.axon": 3.350991330503945,
    "gbar_K_Tst.soma": 0.07113565647305267,
    "gbar_Kv3_1.apic": 0.013576838995352416,
    "gbar_Im.apic": 0.0006311704941636949,
    "gamma_CaDynamics.soma": 0.0030271395787383913,
    "gamma_CaDynamics.apic": 0.020486529935437668,
    "gamma_CaDynamics.dend": 0.027267860272020064,
    "gbar_Nap_Et2.soma": 5.2047790598870474e-05,
    "gbar_NaTs2_t.dend": 0.006995345567169102,
    "decay_CaDynamics.soma": 331.73047737056777,
    "decay_CaDynamics.apic": 755.1324920386778,
    "decay_CaDynamics.dend": 563.1185603330542,
    "gbar_Kv3_1.dend": 0.08826704494699028,
    "gbar_SK.axon": 0.17789535438799373,
    "gbar_Ca_HVA.soma": 3.0931319210196056e-05,
    "gbar_Ca_HVA.apic": 3.6767475137541815e-05,
    "gbar_Ca_HVA.dend": 3.745018228151216e-05,
    "gbar_NaTs2_t.apic": 0.005276136631956171,
    "gbar_Ca_HVA.axon": 0.0005152678589984411,
    "gbar_K_Pst.axon": 0.45766354169275236,
    "gbar_Kv3_1.soma": 0.009010978483178854,
    "gbar_NaTs2_t.soma": 0.16954899408753954,
    "gbar_K_Pst.soma": 0.0015465329624119585,
    "gbar_K_Tst.axon": 0.44049435946331605,
    "gbar_SK.soma": 8.797164586292966e-06,
    "gbar_SK.apic": 4.0813906842941086e-06,
    "gbar_SK.dend": 1.2438117290984978e-07,
    "gbar_Kv3_1.axon": 0.07932128490968382,
    "gbar_Ca_LVA.axon": 5.065486257656285e-07,
    "gpeak_kBK.soma": 1.4178000812814402e-05,
    "gpeak_kBK.apic": 3.062907982740461e-05,
    "gpeak_kBK.dend": 1.2413497997850586e-05,
    "gpeak_kBK.axon": 0.0004501718566926046,
    "caVhmin_kBK.soma": -0.8141978857562702,
    "caVhmin_kBK.apic": -5.713415545867045,
    "caVhmin_kBK.dend": -28.628324798754544,
    "caVhmin_kBK.axon": -8.481980994864387,
    "Ra.soma": 163.94747798179716,
    "Ra.dend": 163.94747798179716,
    "Ra.axon": 163.94747798179716,
    "Ra.apic": 163.94747798179716
}