{
    "e_pas.all": -63.06574579759193,
    "cm.axon": 0.9135163266383486,
    "g_pas.all": 4.703794044170326e-05,
    "Ra.all": 90.83400954365592,
    "cm.soma": 1.1344979370988153,
    "cm.dend": 3.0931772204518433,
    "cm.apic": 0.5213383227760054,
    "gbar_Ih.soma": 9.042570461837064e-05,
    "gbar_Ih.apic": 3.4297676555193454e-05,
    "gbar_Ih.dend": 0.000156090641447701,
    "gbar_Im.dend": 0.00032680577818920323,
    "decay_CaDynamics.axon": 646.7153147002596,
    "gbar_Ca_LVA.soma": 0.000239143115973851,
    "gbar_Ca_LVA.apic": 0.0049464873854950745,
    "gbar_Ca_LVA.dend": 0.00036878933031559466,
    "gbar_Nap_Et2.axon": 3.036153351539078e-06,
    "gamma_CaDynamics.axon": 0.0003820218577932916,
    "gbar_NaTa_t.axon": 4.198802243358145,
    "gbar_K_Tst.soma": 0.34436614341699345,
    "gbar_Kv3_1.apic": 0.029725665364669474,
    "gbar_Im.apic": 1.77179963075247e-05,
    "gamma_CaDynamics.soma": 0.00961817638682921,
    "gamma_CaDynamics.apic": 0.030704331456732747,
    "gamma_CaDynamics.dend": 0.022427112166509063,
    "gbar_Nap_Et2.soma": 0.0004277929635922931,
    "gbar_NaTs2_t.dend": 0.008784453862348733,
    "decay_CaDynamics.soma": 979.2025916919322,
    "decay_CaDynamics.apic": 313.3486334487162,
    "decay_CaDynamics.dend": 0.2755981145801932,
    "gbar_Kv3_1.dend": 0.015328359670417069,
    "gbar_SK.axon": 0.05483025268935941,
    "gbar_Ca_HVA.soma": 2.798888472021801e-05,
    "gbar_Ca_HVA.apic": 2.476191552421668e-07,
    "gbar_Ca_HVA.dend": 4.858751103727699e-06,
    "gbar_NaTs2_t.apic": 0.0022212626506631582,
    "gbar_Ca_HVA.axon": 0.000539396560106597,
    "gbar_K_Pst.axon": 0.16137905035938305,
    "gbar_Kv3_1.soma": 0.009001337899207568,
    "gbar_NaTs2_t.soma": 0.20283749369087087,
    "gbar_K_Pst.soma": 0.009487141992762337,
    "gbar_K_Tst.axon": 1.0717850665309088,
    "gbar_SK.soma": 3.482370314107191e-07,
    "gbar_SK.apic": 6.221341909106868e-06,
    "gbar_SK.dend": 4.581824863522109e-07,
    "gbar_Kv3_1.axon": 0.8976532997491143,
    "gbar_Ca_LVA.axon": 0.0006678165356763372,
    "gpeak_kBK.soma": 2.4128831014926143e-05,
    "gpeak_kBK.apic": 0.0009902489341189853,
    "gpeak_kBK.dend": 0.0004107310642433746,
    "gpeak_kBK.axon": 0.015942083150213622,
    "caVhmin_kBK.soma": -23.151715721124617,
    "caVhmin_kBK.apic": -5.7487278722232436,
    "caVhmin_kBK.dend": -4.926133985876574,
    "caVhmin_kBK.axon": -14.048298626116344,
    "Ra.soma": 90.83400954365592,
    "Ra.dend": 90.83400954365592,
    "Ra.axon": 90.83400954365592,
    "Ra.apic": 52.39978812105092
}