{
    "e_pas.all": -69.31149599268672,
    "cm.axon": 0.805292816157537,
    "g_pas.all": 7.319748665484473e-05,
    "Ra.all": 181.4770118049074,
    "cm.soma": 0.08494164406339226,
    "cm.dend": 0.8067438286738073,
    "cm.apic": 0.3405676130276056,
    "gbar_Ih.soma": 8.118626953546839e-05,
    "gbar_Ih.apic": 2.7363145306592647e-05,
    "gbar_Ih.dend": 0.00022103907147612682,
    "gbar_Im.dend": 0.00019992536501381252,
    "decay_CaDynamics.axon": 212.60809673727002,
    "gbar_Ca_LVA.soma": 0.009803798769943143,
    "gbar_Ca_LVA.apic": 5.814188013362565e-06,
    "gbar_Ca_LVA.dend": 0.007470482861311512,
    "gbar_Nap_Et2.axon": 1.352758091185892e-05,
    "gamma_CaDynamics.axon": 0.0010200661858509779,
    "gbar_NaTa_t.axon": 5.893308833554658,
    "gbar_K_Tst.soma": 0.29086311548045635,
    "gbar_Kv3_1.apic": 0.003885347344857222,
    "gbar_Im.apic": 0.001061120380018319,
    "gamma_CaDynamics.soma": 0.0005913809226802443,
    "gamma_CaDynamics.apic": 0.04568851848692768,
    "gamma_CaDynamics.dend": 0.027919549023812096,
    "gbar_Nap_Et2.soma": 4.256983438846296e-06,
    "gbar_NaTs2_t.dend": 9.079380857499573e-05,
    "decay_CaDynamics.soma": 909.391303166282,
    "decay_CaDynamics.apic": 572.8939936581477,
    "decay_CaDynamics.dend": 1285.860347194709,
    "gbar_Kv3_1.dend": 0.0027154853019325745,
    "gbar_SK.axon": 0.09042650879127183,
    "gbar_Ca_HVA.soma": 1.2515755372878857e-05,
    "gbar_Ca_HVA.apic": 1.56198535342003e-05,
    "gbar_Ca_HVA.dend": 3.2827461337915036e-05,
    "gbar_NaTs2_t.apic": 0.0021709258081765437,
    "gbar_Ca_HVA.axon": 0.0003292766270265195,
    "gbar_K_Pst.axon": 0.0003122519591668405,
    "gbar_Kv3_1.soma": 9.773039310152285e-06,
    "gbar_NaTs2_t.soma": 0.20372388484686585,
    "gbar_K_Pst.soma": 0.012406116076414682,
    "gbar_K_Tst.axon": 0.019898667270597015,
    "gbar_SK.soma": 1.1725961575705122e-05,
    "gbar_SK.apic": 1.510102143094278e-05,
    "gbar_SK.dend": 6.0331634184230245e-06,
    "gbar_Kv3_1.axon": 0.8751227130213515,
    "gbar_Ca_LVA.axon": 0.0001552403528070599,
    "gpeak_kBK.soma": 1.9441241065637963e-06,
    "gpeak_kBK.apic": 0.00027214815080482365,
    "gpeak_kBK.dend": 4.1310210697483087e-07,
    "gpeak_kBK.axon": 0.013055517449808545,
    "caVhmin_kBK.soma": -1.4200253280301511,
    "caVhmin_kBK.apic": -1.3684032268792383,
    "caVhmin_kBK.dend": -1.164212874755849,
    "caVhmin_kBK.axon": -34.30425529642558,
    "Ra.soma": 181.4770118049074,
    "Ra.dend": 181.4770118049074,
    "Ra.axon": 181.4770118049074,
    "Ra.apic": 181.4770118049074
}