{
    "e_pas.all": -45.75378429285317,
    "cm.axon": 0.02934606064143428,
    "g_pas.all": 5.5411593270755055e-05,
    "Ra.all": 387.27050047071333,
    "cm.soma": 0.30071604040540295,
    "cm.dend": 0.015075678926082033,
    "cm.apic": 0.24532127438682577,
    "gbar_Ih.soma": 0.00015027435584405284,
    "gbar_Ih.apic": 3.981035729995066e-05,
    "gbar_Ih.dend": 0.00016995688740008958,
    "gbar_Im.dend": 0.0001628615985011845,
    "decay_CaDynamics.axon": 164.46594722224103,
    "gbar_Ca_LVA.soma": 0.009866630675388592,
    "gbar_Ca_LVA.apic": 0.0069720422331233135,
    "gbar_Ca_LVA.dend": 0.002003133819969731,
    "gbar_Nap_Et2.axon": 8.650091404777626e-05,
    "gamma_CaDynamics.axon": 0.00036124513100228514,
    "gbar_NaTa_t.axon": 5.800553092903932,
    "gbar_K_Tst.soma": 0.5109208125318695,
    "gbar_Kv3_1.apic": 0.007487452987539823,
    "gbar_Im.apic": 0.002419434675082189,
    "gamma_CaDynamics.soma": 0.01733826471907815,
    "gamma_CaDynamics.apic": 0.05015158389843631,
    "gamma_CaDynamics.dend": 0.06235891534473721,
    "gbar_Nap_Et2.soma": 9.814688758646825e-05,
    "gbar_NaTs2_t.dend": 0.00998904812747918,
    "decay_CaDynamics.soma": 8.652840794802351,
    "decay_CaDynamics.apic": 18.990377816051623,
    "decay_CaDynamics.dend": 61.90135856644563,
    "gbar_Kv3_1.dend": 0.17590568554997388,
    "gbar_SK.axon": 0.036503006336965876,
    "gbar_Ca_HVA.soma": 1.642869973026883e-07,
    "gbar_Ca_HVA.apic": 1.3520051371498871e-05,
    "gbar_Ca_HVA.dend": 2.3382783485527325e-05,
    "gbar_NaTs2_t.apic": 0.0040049066309977895,
    "gbar_Ca_HVA.axon": 0.0007781441427822684,
    "gbar_K_Pst.axon": 0.27077005089584766,
    "gbar_Kv3_1.soma": 0.006253858891184569,
    "gbar_NaTs2_t.soma": 0.2376676368187659,
    "gbar_K_Pst.soma": 0.009105927930090303,
    "gbar_K_Tst.axon": 0.28450024354256664,
    "gbar_SK.soma": 6.421100667078426e-07,
    "gbar_SK.apic": 6.623281557712612e-08,
    "gbar_SK.dend": 1.5594903131772772e-07,
    "gbar_Kv3_1.axon": 0.0011774640687243492,
    "gbar_Ca_LVA.axon": 0.000913640506226198,
    "gpeak_kBK.soma": 5.2065615352307145e-05,
    "gpeak_kBK.apic": 0.09960776854865372,
    "gpeak_kBK.dend": 0.00036278993578088667,
    "gpeak_kBK.axon": 0.028196266062474728,
    "caVhmin_kBK.soma": -5.886091827987261,
    "caVhmin_kBK.apic": -3.9041857997010454,
    "caVhmin_kBK.dend": -16.63759338778205,
    "caVhmin_kBK.axon": -0.9298026647044138,
    "Ra.soma": 387.27050047071333,
    "Ra.dend": 387.27050047071333,
    "Ra.axon": 387.27050047071333,
    "Ra.apic": 387.27050047071333
}