{
    "e_pas.all": -75.91520343925463,
    "cm.axon": 0.3358934235943795,
    "g_pas.all": 8.905511409461812e-05,
    "Ra.all": 16.22610773717909,
    "cm.soma": 0.5469149138916438,
    "cm.dend": 1.8564469287960916,
    "cm.apic": 0.3558561279908051,
    "gbar_Ih.soma": 0.00012860298319711033,
    "gbar_Ih.apic": 8.616576452685245e-06,
    "gbar_Ih.dend": 0.00022265743650271756,
    "gbar_Im.dend": 0.0003711052996008893,
    "decay_CaDynamics.axon": 36.365279877706044,
    "gbar_Ca_LVA.soma": 0.009586756303246869,
    "gbar_Ca_LVA.apic": 0.004622526115664079,
    "gbar_Ca_LVA.dend": 0.007928932054119235,
    "gbar_Nap_Et2.axon": 2.4185184550285037e-05,
    "gamma_CaDynamics.axon": 3.183433610525252e-05,
    "gbar_NaTa_t.axon": 4.346435076505016,
    "gbar_K_Tst.soma": 0.11965050238018937,
    "gbar_Kv3_1.apic": 0.0060822541213993745,
    "gbar_Im.apic": 0.0011635129674975714,
    "gamma_CaDynamics.soma": 0.005307758127873584,
    "gamma_CaDynamics.apic": 0.0005362135568521348,
    "gamma_CaDynamics.dend": 0.04826751682458149,
    "gbar_Nap_Et2.soma": 1.202777265807732e-06,
    "gbar_NaTs2_t.dend": 0.006619167960051224,
    "decay_CaDynamics.soma": 28.863452170587053,
    "decay_CaDynamics.apic": 1369.7877309780536,
    "decay_CaDynamics.dend": 1020.7231660163317,
    "gbar_Kv3_1.dend": 0.005808683823626076,
    "gbar_SK.axon": 0.05980275072996517,
    "gbar_Ca_HVA.soma": 3.1249842657632655e-05,
    "gbar_Ca_HVA.apic": 1.5490635553774287e-05,
    "gbar_Ca_HVA.dend": 2.7318839211929236e-05,
    "gbar_NaTs2_t.apic": 0.00023272475591890117,
    "gbar_Ca_HVA.axon": 0.0006860307260226736,
    "gbar_K_Pst.axon": 0.5595095025965311,
    "gbar_Kv3_1.soma": 0.0029512420266372915,
    "gbar_NaTs2_t.soma": 0.7078467328548125,
    "gbar_K_Pst.soma": 0.0230209022889607,
    "gbar_K_Tst.axon": 0.5976558588939131,
    "gbar_SK.soma": 8.686036380198399e-06,
    "gbar_SK.apic": 2.8652595363168184e-06,
    "gbar_SK.dend": 3.108552898518064e-07,
    "gbar_Kv3_1.axon": 0.0005914611818370651,
    "gbar_Ca_LVA.axon": 0.0019345982365414438,
    "gpeak_kBK.soma": 0.0029159529914156578,
    "gpeak_kBK.apic": 2.0871837926642138e-06,
    "gpeak_kBK.dend": 4.980950783717789e-05,
    "gpeak_kBK.axon": 0.003474459844643129,
    "caVhmin_kBK.soma": -10.535817110000204,
    "caVhmin_kBK.apic": -0.18163765841517288,
    "caVhmin_kBK.dend": -6.21308671340501,
    "caVhmin_kBK.axon": -33.576850665555284,
    "Ra.soma": 16.22610773717909,
    "Ra.dend": 16.22610773717909,
    "Ra.axon": 16.22610773717909,
    "Ra.apic": 9.360421407456327
}