{
    "e_pas.all": -59.82688742695093,
    "cm.axon": 1.3617933042811798,
    "g_pas.all": 6.715469943891793e-05,
    "Ra.all": 113.42441600248209,
    "cm.soma": 0.8540544134882354,
    "cm.dend": 3.4022184681069736,
    "cm.apic": 0.843115220261742,
    "gbar_Ih.soma": 0.00013567190442672833,
    "gbar_Ih.apic": 7.663584275327348e-06,
    "gbar_Ih.dend": 0.00018516476177549694,
    "gbar_Im.dend": 1.5108046030273551e-05,
    "decay_CaDynamics.axon": 371.40467883908445,
    "gbar_Ca_LVA.soma": 0.0004563297607174609,
    "gbar_Ca_LVA.apic": 0.0005014414675184935,
    "gbar_Ca_LVA.dend": 0.0018555979315403102,
    "gbar_Nap_Et2.axon": 2.9336483769971594e-05,
    "gamma_CaDynamics.axon": 0.0010343760833938765,
    "gbar_NaTa_t.axon": 2.440851306714385,
    "gbar_K_Tst.soma": 0.07217669495259145,
    "gbar_Kv3_1.apic": 0.02081097438960964,
    "gbar_Im.apic": 0.00022036101606001982,
    "gamma_CaDynamics.soma": 0.05839050277468264,
    "gamma_CaDynamics.apic": 0.07910884588738273,
    "gamma_CaDynamics.dend": 0.049452095349700104,
    "gbar_Nap_Et2.soma": 0.00027825643127274907,
    "gbar_NaTs2_t.dend": 0.0014982884484510198,
    "decay_CaDynamics.soma": 968.9233947040444,
    "decay_CaDynamics.apic": 548.5987172924536,
    "decay_CaDynamics.dend": 1098.432954361772,
    "gbar_Kv3_1.dend": 0.0036743890931404065,
    "gbar_SK.axon": 0.012410748407485283,
    "gbar_Ca_HVA.soma": 3.333624371041064e-05,
    "gbar_Ca_HVA.apic": 1.7856218276337705e-05,
    "gbar_Ca_HVA.dend": 2.5100632985437788e-05,
    "gbar_NaTs2_t.apic": 0.0003274016228808407,
    "gbar_Ca_HVA.axon": 0.0008293358438947187,
    "gbar_K_Pst.axon": 0.1223993116720418,
    "gbar_Kv3_1.soma": 0.00040697413801764337,
    "gbar_NaTs2_t.soma": 0.27069590245169334,
    "gbar_K_Pst.soma": 0.007924739475176057,
    "gbar_K_Tst.axon": 1.0204609988662743,
    "gbar_SK.soma": 5.41613757145824e-06,
    "gbar_SK.apic": 7.511832265409642e-06,
    "gbar_SK.dend": 1.7773716105804725e-07,
    "gbar_Kv3_1.axon": 1.1467481112900864,
    "gbar_Ca_LVA.axon": 0.00046672255782441387,
    "gpeak_kBK.soma": 0.0001038264533679511,
    "gpeak_kBK.apic": 0.007656446030215305,
    "gpeak_kBK.dend": 2.720213793664587e-05,
    "gpeak_kBK.axon": 0.038693169214798914,
    "caVhmin_kBK.soma": -7.42908009812514,
    "caVhmin_kBK.apic": -0.3138259996208952,
    "caVhmin_kBK.dend": -0.04014939906441704,
    "caVhmin_kBK.axon": -19.715620466324843,
    "Ra.soma": 113.42441600248209,
    "Ra.dend": 113.42441600248209,
    "Ra.axon": 113.42441600248209,
    "Ra.apic": 65.43160866886011
}