{
    "e_pas.all": -70.01600183268374,
    "cm.axon": 0.01726129913228632,
    "g_pas.all": 0.00013783943098059445,
    "Ra.all": 6.748152080540748,
    "cm.soma": 0.8027501280823626,
    "cm.dend": 0.37231543788323695,
    "cm.apic": 0.49032318005819064,
    "gbar_Ih.soma": 6.891520527475679e-05,
    "gbar_Ih.apic": 8.929953444199313e-06,
    "gbar_Ih.dend": 0.00012266915147118878,
    "gbar_Im.dend": 0.00044734913728659853,
    "decay_CaDynamics.axon": 355.76299845668814,
    "gbar_Ca_LVA.soma": 0.001553490645126573,
    "gbar_Ca_LVA.apic": 0.0026119552926113037,
    "gbar_Ca_LVA.dend": 0.009980332894994172,
    "gbar_Nap_Et2.axon": 3.914869223842664e-05,
    "gamma_CaDynamics.axon": 0.0009662317535727942,
    "gbar_NaTa_t.axon": 4.722873498401068,
    "gbar_K_Tst.soma": 0.11580437760397969,
    "gbar_Kv3_1.apic": 0.028755019998527778,
    "gbar_Im.apic": 0.0006805715220755937,
    "gamma_CaDynamics.soma": 0.06843830642138876,
    "gamma_CaDynamics.apic": 0.04288766116132504,
    "gamma_CaDynamics.dend": 0.02375993808110525,
    "gbar_Nap_Et2.soma": 7.095887671505478e-05,
    "gbar_NaTs2_t.dend": 0.0025038823279965906,
    "decay_CaDynamics.soma": 341.77006281328477,
    "decay_CaDynamics.apic": 312.0849543757497,
    "decay_CaDynamics.dend": 30.943071829750988,
    "gbar_Kv3_1.dend": 0.003196656521095846,
    "gbar_SK.axon": 0.1048198981128577,
    "gbar_Ca_HVA.soma": 2.804219752804987e-05,
    "gbar_Ca_HVA.apic": 2.2528791640291797e-05,
    "gbar_Ca_HVA.dend": 2.475776070421231e-05,
    "gbar_NaTs2_t.apic": 2.8232001866246578e-05,
    "gbar_Ca_HVA.axon": 0.0006472598735975352,
    "gbar_K_Pst.axon": 0.0012140608311235334,
    "gbar_Kv3_1.soma": 0.005361263831284547,
    "gbar_NaTs2_t.soma": 0.17852614113372892,
    "gbar_K_Pst.soma": 0.0015060462044443595,
    "gbar_K_Tst.axon": 0.03336077327465314,
    "gbar_SK.soma": 5.140859941619888e-07,
    "gbar_SK.apic": 8.400908082716408e-06,
    "gbar_SK.dend": 1.5508429602247365e-06,
    "gbar_Kv3_1.axon": 0.07832995381674755,
    "gbar_Ca_LVA.axon": 0.005030243041657043,
    "gpeak_kBK.soma": 8.626677023760116e-06,
    "gpeak_kBK.apic": 4.480924786563451e-06,
    "gpeak_kBK.dend": 3.627365722709616e-05,
    "gpeak_kBK.axon": 0.002867166833133756,
    "caVhmin_kBK.soma": -9.562496270897181,
    "caVhmin_kBK.apic": -0.19324062048176494,
    "caVhmin_kBK.dend": -12.554677724125138,
    "caVhmin_kBK.axon": -11.956456509030382,
    "Ra.soma": 6.748152080540748,
    "Ra.dend": 6.748152080540748,
    "Ra.axon": 6.748152080540748,
    "Ra.apic": 3.8928342039004553
}