{
    "e_pas.all": -69.13879603650464,
    "cm.axon": 0.5342086947935071,
    "g_pas.all": 6.679515691657756e-05,
    "Ra.all": 15.09702921281756,
    "cm.soma": 0.2692220192205643,
    "cm.dend": 2.846423551043948,
    "cm.apic": 0.2732063805318263,
    "gbar_Ih.soma": 8.169707666028945e-05,
    "gbar_Ih.apic": 1.6314958570082078e-05,
    "gbar_Ih.dend": 0.00022150973258998794,
    "gbar_Im.dend": 0.0004572290177713064,
    "decay_CaDynamics.axon": 183.42764323020853,
    "gbar_Ca_LVA.soma": 0.0007231532313439337,
    "gbar_Ca_LVA.apic": 7.328233334064874e-05,
    "gbar_Ca_LVA.dend": 0.006510299861802213,
    "gbar_Nap_Et2.axon": 3.5707163237570896e-05,
    "gamma_CaDynamics.axon": 0.0004920442744511748,
    "gbar_NaTa_t.axon": 3.6950095597951345,
    "gbar_K_Tst.soma": 0.1738228531603596,
    "gbar_Kv3_1.apic": 0.01742306459702393,
    "gbar_Im.apic": 4.40019265113244e-06,
    "gamma_CaDynamics.soma": 0.015844364479520152,
    "gamma_CaDynamics.apic": 0.006211887394337463,
    "gamma_CaDynamics.dend": 0.010681548603903194,
    "gbar_Nap_Et2.soma": 0.00048125676229418497,
    "gbar_NaTs2_t.dend": 0.0012762874302054456,
    "decay_CaDynamics.soma": 871.449373833227,
    "decay_CaDynamics.apic": 985.558239867702,
    "decay_CaDynamics.dend": 968.2874846667717,
    "gbar_Kv3_1.dend": 0.03427913353339122,
    "gbar_SK.axon": 0.07288422884840713,
    "gbar_Ca_HVA.soma": 5.022775801406581e-06,
    "gbar_Ca_HVA.apic": 1.720052252944413e-05,
    "gbar_Ca_HVA.dend": 6.751947778715751e-06,
    "gbar_NaTs2_t.apic": 0.0027120743091979195,
    "gbar_Ca_HVA.axon": 0.0004094409673701679,
    "gbar_K_Pst.axon": 0.0849571309244859,
    "gbar_Kv3_1.soma": 3.0588994546274714e-05,
    "gbar_NaTs2_t.soma": 0.28275336748641383,
    "gbar_K_Pst.soma": 0.012766150823956844,
    "gbar_K_Tst.axon": 0.14457853211798652,
    "gbar_SK.soma": 9.780062852266583e-06,
    "gbar_SK.apic": 7.882801513471997e-06,
    "gbar_SK.dend": 3.0138985133400287e-06,
    "gbar_Kv3_1.axon": 0.10892409936509061,
    "gbar_Ca_LVA.axon": 0.001973245883692068,
    "gpeak_kBK.soma": 6.285640870496243e-06,
    "gpeak_kBK.apic": 0.006555881401693058,
    "gpeak_kBK.dend": 5.4455990699609974e-05,
    "gpeak_kBK.axon": 0.013116877815808186,
    "caVhmin_kBK.soma": -2.045767652202496,
    "caVhmin_kBK.apic": -1.6528960909876487,
    "caVhmin_kBK.dend": -13.977519492647719,
    "caVhmin_kBK.axon": -47.517445434503266,
    "Ra.soma": 15.09702921281756,
    "Ra.dend": 15.09702921281756,
    "Ra.axon": 15.09702921281756,
    "Ra.apic": 8.709085242226957
}