{
    "e_pas.all": -49.95586776920795,
    "cm.axon": 1.4855854056714006,
    "g_pas.all": 0.000103452240674685,
    "Ra.all": 16.892127406946233,
    "cm.soma": 0.4860361754513603,
    "cm.dend": 1.766219357627279,
    "cm.apic": 1.0965153200939357,
    "gbar_Ih.soma": 0.00010143373787079271,
    "gbar_Ih.apic": 1.1232611696502833e-05,
    "gbar_Ih.dend": 0.00016264723955580843,
    "gbar_Im.dend": 0.0004296330862856403,
    "decay_CaDynamics.axon": 56.73484378383242,
    "gbar_Ca_LVA.soma": 0.008792989109145537,
    "gbar_Ca_LVA.apic": 0.001280811839177035,
    "gbar_Ca_LVA.dend": 0.00885881776127723,
    "gbar_Nap_Et2.axon": 5.014965340120015e-05,
    "gamma_CaDynamics.axon": 0.0002096734211878344,
    "gbar_NaTa_t.axon": 5.870194390793934,
    "gbar_K_Tst.soma": 0.010100322060573815,
    "gbar_Kv3_1.apic": 0.03728173590878363,
    "gbar_Im.apic": 0.00045419979416095376,
    "gamma_CaDynamics.soma": 0.042546464991404576,
    "gamma_CaDynamics.apic": 0.0006305650272270002,
    "gamma_CaDynamics.dend": 0.053213153021914476,
    "gbar_Nap_Et2.soma": 0.00047097870035408884,
    "gbar_NaTs2_t.dend": 0.010158660473079699,
    "decay_CaDynamics.soma": 271.048832586717,
    "decay_CaDynamics.apic": 1611.4384384933448,
    "decay_CaDynamics.dend": 1610.5679753511147,
    "gbar_Kv3_1.dend": 0.1989774500747208,
    "gbar_SK.axon": 0.10510746923683076,
    "gbar_Ca_HVA.soma": 1.2876963790029662e-05,
    "gbar_Ca_HVA.apic": 2.9939703894100785e-05,
    "gbar_Ca_HVA.dend": 6.602884384297672e-06,
    "gbar_NaTs2_t.apic": 0.0013410790673402707,
    "gbar_Ca_HVA.axon": 0.0006319969312382445,
    "gbar_K_Pst.axon": 0.4426555732250547,
    "gbar_Kv3_1.soma": 0.003446463989788063,
    "gbar_NaTs2_t.soma": 0.27159541001877496,
    "gbar_K_Pst.soma": 0.015700781997348742,
    "gbar_K_Tst.axon": 0.3803340176562225,
    "gbar_SK.soma": 5.196154951224638e-07,
    "gbar_SK.apic": 1.495981210467374e-05,
    "gbar_SK.dend": 1.0432698828021717e-05,
    "gbar_Kv3_1.axon": 1.4652857242018142,
    "gbar_Ca_LVA.axon": 0.00020957433753158658,
    "gpeak_kBK.soma": 5.830229904906717e-07,
    "gpeak_kBK.apic": 0.00017352421472031958,
    "gpeak_kBK.dend": 0.000141564667529422,
    "gpeak_kBK.axon": 0.052094408345716686,
    "caVhmin_kBK.soma": -26.184480229970525,
    "caVhmin_kBK.apic": -27.271815395520726,
    "caVhmin_kBK.dend": -8.389994151808628,
    "caVhmin_kBK.axon": -2.827483834477997,
    "Ra.soma": 16.892127406946233,
    "Ra.dend": 16.892127406946233,
    "Ra.axon": 16.892127406946233,
    "Ra.apic": 16.892127406946233
}