{
    "e_pas.all": -65.69249442564987,
    "cm.axon": 0.4426890727977021,
    "g_pas.all": 7.813218596528893e-05,
    "Ra.all": 7.124976295554464,
    "cm.soma": 0.4827075576627332,
    "cm.dend": 0.9639876623047726,
    "cm.apic": 0.40719658507922923,
    "gbar_Ih.soma": 0.00012703383685000905,
    "gbar_Ih.apic": 3.3685206970540045e-05,
    "gbar_Ih.dend": 8.175432872424869e-05,
    "gbar_Im.dend": 0.00048080949092389047,
    "decay_CaDynamics.axon": 219.490017462343,
    "gbar_Ca_LVA.soma": 0.006900814025780738,
    "gbar_Ca_LVA.apic": 0.004066161635894889,
    "gbar_Ca_LVA.dend": 0.00901999803082202,
    "gbar_Nap_Et2.axon": 8.121510078952733e-05,
    "gamma_CaDynamics.axon": 0.0005960739876322391,
    "gbar_NaTa_t.axon": 4.280295485671061,
    "gbar_K_Tst.soma": 0.45109966003954316,
    "gbar_Kv3_1.apic": 0.005757409870308727,
    "gbar_Im.apic": 0.002242777180685749,
    "gamma_CaDynamics.soma": 0.06562707461669609,
    "gamma_CaDynamics.apic": 0.00013494418973497178,
    "gamma_CaDynamics.dend": 0.06968600617497096,
    "gbar_Nap_Et2.soma": 0.00031071913023815353,
    "gbar_NaTs2_t.dend": 0.007529064866071212,
    "decay_CaDynamics.soma": 17.09255564800705,
    "decay_CaDynamics.apic": 999.9055126379363,
    "decay_CaDynamics.dend": 6.053905048606367,
    "gbar_Kv3_1.dend": 0.0581390071371224,
    "gbar_SK.axon": 0.03166703061425176,
    "gbar_Ca_HVA.soma": 3.178773092799828e-05,
    "gbar_Ca_HVA.apic": 3.431494249920532e-05,
    "gbar_Ca_HVA.dend": 3.866189093060202e-05,
    "gbar_NaTs2_t.apic": 8.06161413066224e-05,
    "gbar_Ca_HVA.axon": 0.000244526861401923,
    "gbar_K_Pst.axon": 0.3135883299002151,
    "gbar_Kv3_1.soma": 0.004981172358871951,
    "gbar_NaTs2_t.soma": 0.4353417427697328,
    "gbar_K_Pst.soma": 0.00417288135230995,
    "gbar_K_Tst.axon": 2.4408319205411222e-05,
    "gbar_SK.soma": 5.886306047508154e-07,
    "gbar_SK.apic": 5.725994876797486e-06,
    "gbar_SK.dend": 4.208822056454279e-06,
    "gbar_Kv3_1.axon": 0.4012924792875861,
    "gbar_Ca_LVA.axon": 0.0011604560525861366,
    "gpeak_kBK.soma": 8.124463530080713e-07,
    "gpeak_kBK.apic": 2.521764361557742e-08,
    "gpeak_kBK.dend": 8.573157193404202e-07,
    "gpeak_kBK.axon": 0.011332057660576347,
    "caVhmin_kBK.soma": -7.422775467568265,
    "caVhmin_kBK.apic": -34.21301511204365,
    "caVhmin_kBK.dend": -20.26183314633819,
    "caVhmin_kBK.axon": -0.21113458642756444,
    "Ra.soma": 7.124976295554464,
    "Ra.dend": 7.124976295554464,
    "Ra.axon": 7.124976295554464,
    "Ra.apic": 4.110214336350847
}