{
    "e_pas.all": -66.24961160362841,
    "cm.axon": 1.3106357895888545,
    "g_pas.all": 5.955555768804939e-05,
    "Ra.all": 3.9385659044612105,
    "cm.soma": 0.7872666740599535,
    "cm.dend": 1.0484108522820328,
    "cm.apic": 0.0028400105706019112,
    "gbar_Ih.soma": 0.00016435697532798317,
    "gbar_Ih.apic": 2.2766859436413084e-05,
    "gbar_Ih.dend": 0.00021693825786752168,
    "gbar_Im.dend": 0.0003378669142946975,
    "decay_CaDynamics.axon": 11.255674566727302,
    "gbar_Ca_LVA.soma": 0.00742209599376029,
    "gbar_Ca_LVA.apic": 0.0007894839927540782,
    "gbar_Ca_LVA.dend": 0.003592972459017556,
    "gbar_Nap_Et2.axon": 4.426832480110228e-05,
    "gamma_CaDynamics.axon": 0.00025258676702373946,
    "gbar_NaTa_t.axon": 4.847569997949111,
    "gbar_K_Tst.soma": 0.025216487276677135,
    "gbar_Kv3_1.apic": 0.0006779244166547159,
    "gbar_Im.apic": 0.0005066052278429146,
    "gamma_CaDynamics.soma": 0.006701451035326222,
    "gamma_CaDynamics.apic": 0.01809691851758375,
    "gamma_CaDynamics.dend": 0.0005862467877356525,
    "gbar_Nap_Et2.soma": 0.00027321226877631967,
    "gbar_NaTs2_t.dend": 0.007886081027030183,
    "decay_CaDynamics.soma": 43.82123669412227,
    "decay_CaDynamics.apic": 126.09035113880725,
    "decay_CaDynamics.dend": 114.30779960780785,
    "gbar_Kv3_1.dend": 0.05811441156999264,
    "gbar_SK.axon": 0.022076021070268754,
    "gbar_Ca_HVA.soma": 2.62903401066308e-05,
    "gbar_Ca_HVA.apic": 1.794971787084257e-05,
    "gbar_Ca_HVA.dend": 2.617433871413099e-05,
    "gbar_NaTs2_t.apic": 0.0008144497087977446,
    "gbar_Ca_HVA.axon": 0.00043337976482993627,
    "gbar_K_Pst.axon": 0.0056188648262742585,
    "gbar_Kv3_1.soma": 0.008849540686931756,
    "gbar_NaTs2_t.soma": 0.9169420158525678,
    "gbar_K_Pst.soma": 0.0192009317471869,
    "gbar_K_Tst.axon": 0.006738474821345541,
    "gbar_SK.soma": 9.527675657488021e-06,
    "gbar_SK.apic": 2.0913995651537102e-06,
    "gbar_SK.dend": 8.409149375590265e-06,
    "gbar_Kv3_1.axon": 0.282833838166754,
    "gbar_Ca_LVA.axon": 0.007859263162914262,
    "gpeak_kBK.soma": 0.00035065599469040514,
    "gpeak_kBK.apic": 5.955102000251294e-09,
    "gpeak_kBK.dend": 2.9951662132692776e-05,
    "gpeak_kBK.axon": 0.055684509254896215,
    "caVhmin_kBK.soma": -34.66894145325295,
    "caVhmin_kBK.apic": -4.910335678819383,
    "caVhmin_kBK.dend": -8.840764624781388,
    "caVhmin_kBK.axon": -4.318658554167885,
    "Ra.soma": 3.9385659044612105,
    "Ra.dend": 3.9385659044612105,
    "Ra.axon": 3.9385659044612105,
    "Ra.apic": 2.2720566881435964
}