{
    "e_pas.all": -69.63992927231403,
    "cm.axon": 1.1003082448131667,
    "g_pas.all": 9.141445502657512e-05,
    "Ra.all": 16.246883575019684,
    "cm.soma": 0.35912458882475223,
    "cm.dend": 3.1950516692762134,
    "cm.apic": 0.8173934961932552,
    "gbar_Ih.soma": 6.71950597454406e-05,
    "gbar_Ih.apic": 1.4628018658362657e-05,
    "gbar_Ih.dend": 0.000256067025951274,
    "gbar_Im.dend": 0.0004568528303224165,
    "decay_CaDynamics.axon": 486.4127975981279,
    "gbar_Ca_LVA.soma": 0.009738894905662668,
    "gbar_Ca_LVA.apic": 1.2654042212684927e-05,
    "gbar_Ca_LVA.dend": 0.00866247658370684,
    "gbar_Nap_Et2.axon": 5.695313311140022e-05,
    "gamma_CaDynamics.axon": 0.0003220788580462997,
    "gbar_NaTa_t.axon": 2.7133287307296348,
    "gbar_K_Tst.soma": 0.1855596873234121,
    "gbar_Kv3_1.apic": 0.004268670952429114,
    "gbar_Im.apic": 0.0005036058350423624,
    "gamma_CaDynamics.soma": 0.0452665649560212,
    "gamma_CaDynamics.apic": 0.017726030264862136,
    "gamma_CaDynamics.dend": 0.03800419031381069,
    "gbar_Nap_Et2.soma": 0.0004870445177351593,
    "gbar_NaTs2_t.dend": 0.004666349448578163,
    "decay_CaDynamics.soma": 382.3817451619339,
    "decay_CaDynamics.apic": 1176.1051746325913,
    "decay_CaDynamics.dend": 1073.0837079698854,
    "gbar_Kv3_1.dend": 0.02333333201029092,
    "gbar_SK.axon": 0.07776956599525311,
    "gbar_Ca_HVA.soma": 3.7237681443167705e-05,
    "gbar_Ca_HVA.apic": 7.1973319075582035e-06,
    "gbar_Ca_HVA.dend": 2.036551266527461e-05,
    "gbar_NaTs2_t.apic": 0.000664146022026345,
    "gbar_Ca_HVA.axon": 0.000673607919648546,
    "gbar_K_Pst.axon": 0.3878603340547039,
    "gbar_Kv3_1.soma": 0.00556325848225624,
    "gbar_NaTs2_t.soma": 0.6684102563799174,
    "gbar_K_Pst.soma": 0.004630447468553511,
    "gbar_K_Tst.axon": 0.24093119841800542,
    "gbar_SK.soma": 2.753060121276069e-06,
    "gbar_SK.apic": 6.569383484746362e-06,
    "gbar_SK.dend": 7.753289532262787e-06,
    "gbar_Kv3_1.axon": 1.7667693192500036,
    "gbar_Ca_LVA.axon": 0.0028721453211984563,
    "gpeak_kBK.soma": 5.445769669678824e-07,
    "gpeak_kBK.apic": 0.000878086480750013,
    "gpeak_kBK.dend": 7.391416221758127e-08,
    "gpeak_kBK.axon": 0.03368201337799196,
    "caVhmin_kBK.soma": -19.037387121507365,
    "caVhmin_kBK.apic": -4.057322554196279,
    "caVhmin_kBK.dend": -8.874507689908233,
    "caVhmin_kBK.axon": -3.162509263815336,
    "Ra.soma": 16.246883575019684,
    "Ra.dend": 16.246883575019684,
    "Ra.axon": 16.246883575019684,
    "Ra.apic": 9.372406450353298
}