{
    "e_pas.all": -45.99463711482275,
    "cm.axon": 1.2005109772652878,
    "g_pas.all": 4.734847796269132e-05,
    "Ra.all": 125.05375612304483,
    "cm.soma": 1.8337829194749626,
    "cm.dend": 3.1626752356251253,
    "cm.apic": 1.2721902909486247,
    "gbar_Ih.soma": 0.000159339184662921,
    "gbar_Ih.apic": 1.7204606711208454e-05,
    "gbar_Ih.dend": 0.00014024584643837078,
    "gbar_Im.dend": 0.00010607561054548329,
    "decay_CaDynamics.axon": 186.3322858139444,
    "gbar_Ca_LVA.soma": 0.005259416929895051,
    "gbar_Ca_LVA.apic": 0.0064772206338075695,
    "gbar_Ca_LVA.dend": 0.0001614727870402742,
    "gbar_Nap_Et2.axon": 8.59509850066667e-05,
    "gamma_CaDynamics.axon": 0.0009764474150269626,
    "gbar_NaTa_t.axon": 3.902568119187891,
    "gbar_K_Tst.soma": 0.1787449813182023,
    "gbar_Kv3_1.apic": 0.014323132553180195,
    "gbar_Im.apic": 0.0004108462613356441,
    "gamma_CaDynamics.soma": 0.003285472655036715,
    "gamma_CaDynamics.apic": 0.060502133263640435,
    "gamma_CaDynamics.dend": 0.014468721079560768,
    "gbar_Nap_Et2.soma": 0.00013429287349410755,
    "gbar_NaTs2_t.dend": 0.005991631271223542,
    "decay_CaDynamics.soma": 1243.2344510229088,
    "decay_CaDynamics.apic": 27.185116893333756,
    "decay_CaDynamics.dend": 14.213197193161577,
    "gbar_Kv3_1.dend": 0.05076363319822892,
    "gbar_SK.axon": 0.05000969446586268,
    "gbar_Ca_HVA.soma": 6.2252290868104945e-06,
    "gbar_Ca_HVA.apic": 2.632243225192704e-05,
    "gbar_Ca_HVA.dend": 3.674867002232486e-05,
    "gbar_NaTs2_t.apic": 0.002376599606015209,
    "gbar_Ca_HVA.axon": 0.00033745355611551517,
    "gbar_K_Pst.axon": 0.23900916791076915,
    "gbar_Kv3_1.soma": 0.0016632677694799996,
    "gbar_NaTs2_t.soma": 0.2743983216018192,
    "gbar_K_Pst.soma": 0.006456204816964247,
    "gbar_K_Tst.axon": 0.9436091428831662,
    "gbar_SK.soma": 1.1585644781732304e-05,
    "gbar_SK.apic": 1.7777545542108204e-06,
    "gbar_SK.dend": 4.450031592356158e-06,
    "gbar_Kv3_1.axon": 0.8603500560159696,
    "gbar_Ca_LVA.axon": 0.0010759112134790067,
    "gpeak_kBK.soma": 8.179385684384742e-07,
    "gpeak_kBK.apic": 0.0012698912003999748,
    "gpeak_kBK.dend": 0.00183119146154374,
    "gpeak_kBK.axon": 0.02758943700688655,
    "caVhmin_kBK.soma": -10.66400506944246,
    "caVhmin_kBK.apic": -12.643619047481415,
    "caVhmin_kBK.dend": -0.11242781755460873,
    "caVhmin_kBK.axon": -5.335319890669337,
    "Ra.soma": 125.05375612304483,
    "Ra.dend": 125.05375612304483,
    "Ra.axon": 125.05375612304483,
    "Ra.apic": 125.05375612304483
}