{
    "e_pas.all": -49.21798200620432,
    "cm.axon": 1.0488794396009624,
    "g_pas.all": 8.320791361350236e-05,
    "Ra.all": 192.46348960968072,
    "cm.soma": 0.8220309856347627,
    "cm.dend": 1.8040090853031239,
    "cm.apic": 0.95844934836925,
    "gbar_Ih.soma": 7.192262329297559e-05,
    "gbar_Ih.apic": 2.664034353730272e-05,
    "gbar_Ih.dend": 0.00019122358831026684,
    "gbar_Im.dend": 7.90283552912903e-05,
    "decay_CaDynamics.axon": 444.3051711210112,
    "gbar_Ca_LVA.soma": 0.006610036965531748,
    "gbar_Ca_LVA.apic": 0.006193218769011797,
    "gbar_Ca_LVA.dend": 4.764359884128574e-05,
    "gbar_Nap_Et2.axon": 6.212718207786117e-05,
    "gamma_CaDynamics.axon": 7.460615687802058e-05,
    "gbar_NaTa_t.axon": 4.4545032426569335,
    "gbar_K_Tst.soma": 0.29157436815630283,
    "gbar_Kv3_1.apic": 0.030641342703871706,
    "gbar_Im.apic": 0.0006818734386131002,
    "gamma_CaDynamics.soma": 0.0009376314162042364,
    "gamma_CaDynamics.apic": 0.006303135369526166,
    "gamma_CaDynamics.dend": 0.027807008204675805,
    "gbar_Nap_Et2.soma": 0.00012057395274050799,
    "gbar_NaTs2_t.dend": 0.004433153447431306,
    "decay_CaDynamics.soma": 506.40172216973576,
    "decay_CaDynamics.apic": 1537.6397352452568,
    "decay_CaDynamics.dend": 855.3985976423065,
    "gbar_Kv3_1.dend": 0.002924267305398705,
    "gbar_SK.axon": 0.1591656840543079,
    "gbar_Ca_HVA.soma": 2.0718305028794273e-05,
    "gbar_Ca_HVA.apic": 1.6178119792492827e-05,
    "gbar_Ca_HVA.dend": 1.711562271977217e-05,
    "gbar_NaTs2_t.apic": 0.002939775186416408,
    "gbar_Ca_HVA.axon": 0.0006138051886676001,
    "gbar_K_Pst.axon": 0.33900914294404216,
    "gbar_Kv3_1.soma": 0.0016149218257684218,
    "gbar_NaTs2_t.soma": 0.177309964005328,
    "gbar_K_Pst.soma": 0.0018059423220926501,
    "gbar_K_Tst.axon": 0.7024660117673737,
    "gbar_SK.soma": 6.362620555047765e-06,
    "gbar_SK.apic": 1.2789662408834862e-05,
    "gbar_SK.dend": 7.234146064646685e-07,
    "gbar_Kv3_1.axon": 0.24582155238376016,
    "gbar_Ca_LVA.axon": 0.0022752345120596543,
    "gpeak_kBK.soma": 0.0013192552971922659,
    "gpeak_kBK.apic": 0.005574484975475689,
    "gpeak_kBK.dend": 0.0009850764333284034,
    "gpeak_kBK.axon": 0.02906012298793877,
    "caVhmin_kBK.soma": -12.713450285812455,
    "caVhmin_kBK.apic": -30.63475404592041,
    "caVhmin_kBK.dend": -3.613988368032387,
    "caVhmin_kBK.axon": -3.9533081029743737,
    "Ra.soma": 192.46348960968072,
    "Ra.dend": 192.46348960968072,
    "Ra.axon": 192.46348960968072,
    "Ra.apic": 192.46348960968072
}