{
    "e_pas.all": -50.40909418390918,
    "cm.axon": 0.7436628464558758,
    "g_pas.all": 5.5615095942361825e-05,
    "Ra.all": 25.660236190502165,
    "cm.soma": 1.452872417230401,
    "cm.dend": 3.340731072567497,
    "cm.apic": 1.7882779573559306,
    "gbar_Ih.soma": 6.779066130941345e-05,
    "gbar_Ih.apic": 1.9283075221300927e-05,
    "gbar_Ih.dend": 0.0002342729500194939,
    "gbar_Im.dend": 4.5257153177836264e-05,
    "decay_CaDynamics.axon": 126.14565187774768,
    "gbar_Ca_LVA.soma": 0.00792162039372904,
    "gbar_Ca_LVA.apic": 0.0017232086171282907,
    "gbar_Ca_LVA.dend": 0.006756228785988011,
    "gbar_Nap_Et2.axon": 2.980523927828208e-05,
    "gamma_CaDynamics.axon": 0.0004346648468370077,
    "gbar_NaTa_t.axon": 4.922792586015443,
    "gbar_K_Tst.soma": 0.15718176784596755,
    "gbar_Kv3_1.apic": 0.02636876452077765,
    "gbar_Im.apic": 0.00038945738007526245,
    "gamma_CaDynamics.soma": 0.0765345445596042,
    "gamma_CaDynamics.apic": 0.030042924635880687,
    "gamma_CaDynamics.dend": 0.002079170415247103,
    "gbar_Nap_Et2.soma": 0.0003217476922230629,
    "gbar_NaTs2_t.dend": 0.007572724631574169,
    "decay_CaDynamics.soma": 272.97615412811325,
    "decay_CaDynamics.apic": 0.7502387455972798,
    "decay_CaDynamics.dend": 1379.9629158741711,
    "gbar_Kv3_1.dend": 0.0028576455341865173,
    "gbar_SK.axon": 0.19720114471033934,
    "gbar_Ca_HVA.soma": 1.0347795262408251e-05,
    "gbar_Ca_HVA.apic": 3.628173457404507e-05,
    "gbar_Ca_HVA.dend": 3.803569837931167e-05,
    "gbar_NaTs2_t.apic": 0.0022068655113658504,
    "gbar_Ca_HVA.axon": 0.0003673974290766366,
    "gbar_K_Pst.axon": 0.11781837525326627,
    "gbar_Kv3_1.soma": 0.001639809572305553,
    "gbar_NaTs2_t.soma": 0.3585137498440769,
    "gbar_K_Pst.soma": 0.0015963302576638516,
    "gbar_K_Tst.axon": 0.046185830715725906,
    "gbar_SK.soma": 1.0640672663593161e-05,
    "gbar_SK.apic": 1.1440820953476408e-05,
    "gbar_SK.dend": 5.631802176789311e-06,
    "gbar_Kv3_1.axon": 1.0665585606940207,
    "gbar_Ca_LVA.axon": 0.006246151684752019,
    "gpeak_kBK.soma": 1.8768340455052532e-06,
    "gpeak_kBK.apic": 0.0006384621189480376,
    "gpeak_kBK.dend": 2.4136336403618856e-05,
    "gpeak_kBK.axon": 0.02562206347162099,
    "caVhmin_kBK.soma": -19.588867849999875,
    "caVhmin_kBK.apic": -16.793884347480628,
    "caVhmin_kBK.dend": -0.9830990143363983,
    "caVhmin_kBK.axon": -19.21401825946272,
    "Ra.soma": 25.660236190502165,
    "Ra.dend": 25.660236190502165,
    "Ra.axon": 25.660236190502165,
    "Ra.apic": 25.660236190502165
}