{
    "e_pas.all": -67.26225748028558,
    "cm.axon": 0.4315306303492386,
    "g_pas.all": 9.718988909267659e-05,
    "Ra.all": 11.968206099427256,
    "cm.soma": 0.1819115729787746,
    "cm.dend": 3.2100617990340234,
    "cm.apic": 0.2658541733376922,
    "gbar_Ih.soma": 7.567132839007047e-05,
    "gbar_Ih.apic": 1.4447873824611427e-05,
    "gbar_Ih.dend": 0.00024020320546875782,
    "gbar_Im.dend": 0.0002544215910173752,
    "decay_CaDynamics.axon": 148.19712558529972,
    "gbar_Ca_LVA.soma": 0.0063493495242533515,
    "gbar_Ca_LVA.apic": 0.001506300261222967,
    "gbar_Ca_LVA.dend": 0.007011554828550939,
    "gbar_Nap_Et2.axon": 2.9406942597879618e-05,
    "gamma_CaDynamics.axon": 0.00029364379541717387,
    "gbar_NaTa_t.axon": 4.1955262006521306,
    "gbar_K_Tst.soma": 0.07202447080568336,
    "gbar_Kv3_1.apic": 0.005795431959247593,
    "gbar_Im.apic": 1.5230291481700416e-05,
    "gamma_CaDynamics.soma": 0.00040732109051295866,
    "gamma_CaDynamics.apic": 0.004442004162725357,
    "gamma_CaDynamics.dend": 0.0512025512794381,
    "gbar_Nap_Et2.soma": 0.00024262827230298373,
    "gbar_NaTs2_t.dend": 0.00688005855698091,
    "decay_CaDynamics.soma": 156.98547535970346,
    "decay_CaDynamics.apic": 0.280859845532751,
    "decay_CaDynamics.dend": 1291.3131546956342,
    "gbar_Kv3_1.dend": 0.10809085331744027,
    "gbar_SK.axon": 0.14982398178995318,
    "gbar_Ca_HVA.soma": 3.177157233327451e-05,
    "gbar_Ca_HVA.apic": 7.099784208343278e-06,
    "gbar_Ca_HVA.dend": 1.1043484709630091e-05,
    "gbar_NaTs2_t.apic": 0.0030100435088338665,
    "gbar_Ca_HVA.axon": 0.0008353847991843052,
    "gbar_K_Pst.axon": 0.21139386606258864,
    "gbar_Kv3_1.soma": 0.0037561184374346897,
    "gbar_NaTs2_t.soma": 0.1610917020655164,
    "gbar_K_Pst.soma": 0.003162703540575807,
    "gbar_K_Tst.axon": 0.6510362325561185,
    "gbar_SK.soma": 1.1149014782343257e-05,
    "gbar_SK.apic": 1.3432336680273117e-09,
    "gbar_SK.dend": 2.691812519531755e-06,
    "gbar_Kv3_1.axon": 0.0093311324333731,
    "gbar_Ca_LVA.axon": 0.001799334465074498,
    "gpeak_kBK.soma": 3.661756495214937e-05,
    "gpeak_kBK.apic": 0.0007861063066557408,
    "gpeak_kBK.dend": 9.533803981685645e-07,
    "gpeak_kBK.axon": 0.051788131556420515,
    "caVhmin_kBK.soma": -17.016989181992482,
    "caVhmin_kBK.apic": -16.035302959808725,
    "caVhmin_kBK.dend": -29.736854283259646,
    "caVhmin_kBK.axon": -21.225990797502906,
    "Ra.soma": 11.968206099427256,
    "Ra.dend": 11.968206099427256,
    "Ra.axon": 11.968206099427256,
    "Ra.apic": 6.904148203406683
}