{
    "e_pas.all": -68.89307858040071,
    "cm.axon": 0.5804202319544692,
    "g_pas.all": 9.875345853476247e-05,
    "Ra.all": 51.964241046766396,
    "cm.soma": 1.028914204445904,
    "cm.dend": 1.0567049959011139,
    "cm.apic": 1.3075828912810636,
    "gbar_Ih.soma": 0.0001758109895399428,
    "gbar_Ih.apic": 8.14663672370046e-06,
    "gbar_Ih.dend": 0.00022810704982007676,
    "gbar_Im.dend": 0.0004110537151062444,
    "decay_CaDynamics.axon": 524.5059015416064,
    "gbar_Ca_LVA.soma": 0.0007816644867347297,
    "gbar_Ca_LVA.apic": 0.005583943375809725,
    "gbar_Ca_LVA.dend": 0.008555325504026141,
    "gbar_Nap_Et2.axon": 7.878296526414897e-05,
    "gamma_CaDynamics.axon": 0.00045255456633561824,
    "gbar_NaTa_t.axon": 4.8711593792480254,
    "gbar_K_Tst.soma": 0.4628731639952106,
    "gbar_Kv3_1.apic": 0.01394391753926467,
    "gbar_Im.apic": 0.00010514854079919334,
    "gamma_CaDynamics.soma": 0.00341652288200708,
    "gamma_CaDynamics.apic": 0.06891798834423014,
    "gamma_CaDynamics.dend": 0.07359532008646728,
    "gbar_Nap_Et2.soma": 0.0006112676063437315,
    "gbar_NaTs2_t.dend": 0.009345596810146711,
    "decay_CaDynamics.soma": 113.78047594829218,
    "decay_CaDynamics.apic": 799.315539994238,
    "decay_CaDynamics.dend": 915.4045297755342,
    "gbar_Kv3_1.dend": 0.03219615654597314,
    "gbar_SK.axon": 0.02976279829080717,
    "gbar_Ca_HVA.soma": 3.2394669258891235e-05,
    "gbar_Ca_HVA.apic": 7.965835169084664e-06,
    "gbar_Ca_HVA.dend": 3.2364144992700745e-05,
    "gbar_NaTs2_t.apic": 0.0028403935987467246,
    "gbar_Ca_HVA.axon": 0.0004403685185955915,
    "gbar_K_Pst.axon": 0.3597201870402739,
    "gbar_Kv3_1.soma": 0.006889887760852877,
    "gbar_NaTs2_t.soma": 0.2673972742253212,
    "gbar_K_Pst.soma": 0.0004731385057073895,
    "gbar_K_Tst.axon": 0.7178347154455069,
    "gbar_SK.soma": 1.2811720842258056e-05,
    "gbar_SK.apic": 2.1245584085865786e-06,
    "gbar_SK.dend": 1.2731585179646714e-05,
    "gbar_Kv3_1.axon": 0.727049617796087,
    "gbar_Ca_LVA.axon": 0.0008437585436105247,
    "gpeak_kBK.soma": 8.999961118503875e-05,
    "gpeak_kBK.apic": 8.265053133552724e-07,
    "gpeak_kBK.dend": 3.0211796357514308e-06,
    "gpeak_kBK.axon": 0.02008622053011167,
    "caVhmin_kBK.soma": -42.872212207298276,
    "caVhmin_kBK.apic": -13.195403995541028,
    "caVhmin_kBK.dend": -23.82024348274989,
    "caVhmin_kBK.axon": -0.017482744344565315,
    "Ra.soma": 51.964241046766396,
    "Ra.dend": 51.964241046766396,
    "Ra.axon": 51.964241046766396,
    "Ra.apic": 29.976825138530415
}