{
    "e_pas.all": -69.84136723661096,
    "cm.axon": 0.14593799742709632,
    "g_pas.all": 6.471612233673981e-05,
    "Ra.all": 27.6643839974778,
    "cm.soma": 0.8522157159670279,
    "cm.dend": 3.346006023462222,
    "cm.apic": 1.2888684620717168,
    "gbar_Ih.soma": 9.983663740327376e-05,
    "gbar_Ih.apic": 2.094331447551948e-05,
    "gbar_Ih.dend": 0.00022066976086612466,
    "gbar_Im.dend": 0.00042330149821120293,
    "decay_CaDynamics.axon": 318.3493184341882,
    "gbar_Ca_LVA.soma": 0.006278235177850277,
    "gbar_Ca_LVA.apic": 0.002239104396197012,
    "gbar_Ca_LVA.dend": 0.0036144251054185186,
    "gbar_Nap_Et2.axon": 8.823384748018972e-05,
    "gamma_CaDynamics.axon": 0.00023865689170355243,
    "gbar_NaTa_t.axon": 3.8695585088704765,
    "gbar_K_Tst.soma": 0.282317210910332,
    "gbar_Kv3_1.apic": 0.013217843302087234,
    "gbar_Im.apic": 0.00040647232446919674,
    "gamma_CaDynamics.soma": 0.0340767973358732,
    "gamma_CaDynamics.apic": 0.0042947550623692165,
    "gamma_CaDynamics.dend": 0.03580206060880287,
    "gbar_Nap_Et2.soma": 0.0005500781268391022,
    "gbar_NaTs2_t.dend": 0.009060328350816884,
    "decay_CaDynamics.soma": 667.1946141804692,
    "decay_CaDynamics.apic": 987.4441432688533,
    "decay_CaDynamics.dend": 1624.2771336055564,
    "gbar_Kv3_1.dend": 0.1641303037633772,
    "gbar_SK.axon": 0.08501848968731601,
    "gbar_Ca_HVA.soma": 3.4992799619231194e-05,
    "gbar_Ca_HVA.apic": 1.8630112819743527e-05,
    "gbar_Ca_HVA.dend": 3.7028302670188356e-05,
    "gbar_NaTs2_t.apic": 0.0006512608662475077,
    "gbar_Ca_HVA.axon": 0.0007173333733386662,
    "gbar_K_Pst.axon": 0.08209909742252605,
    "gbar_Kv3_1.soma": 0.004007156917153979,
    "gbar_NaTs2_t.soma": 0.3688954307056134,
    "gbar_K_Pst.soma": 0.004929769345452417,
    "gbar_K_Tst.axon": 0.9072966743565372,
    "gbar_SK.soma": 4.080877594532679e-06,
    "gbar_SK.apic": 4.050476910117258e-06,
    "gbar_SK.dend": 9.697853102598843e-06,
    "gbar_Kv3_1.axon": 0.8018301858226939,
    "gbar_Ca_LVA.axon": 0.001112401336245202,
    "gpeak_kBK.soma": 0.00018326397432845705,
    "gpeak_kBK.apic": 6.309396027750832e-06,
    "gpeak_kBK.dend": 1.0957812498611219e-07,
    "gpeak_kBK.axon": 0.020466533896748167,
    "caVhmin_kBK.soma": -5.376832226744444,
    "caVhmin_kBK.apic": -10.584970719213274,
    "caVhmin_kBK.dend": -22.204127443609156,
    "caVhmin_kBK.axon": -3.0370730858525827,
    "Ra.soma": 27.6643839974778,
    "Ra.dend": 27.6643839974778,
    "Ra.axon": 27.6643839974778,
    "Ra.apic": 15.958866808257861
}