{
    "e_pas.all": -59.3709112062004,
    "cm.axon": 1.2549412792670207,
    "g_pas.all": 0.00011256920622089968,
    "Ra.all": 11.852571902528023,
    "cm.soma": 1.801275209957144,
    "cm.dend": 8.46920960752431,
    "cm.apic": 1.9982572393661975,
    "gbar_Ih.soma": 0.00018049259085425285,
    "gbar_Ih.apic": 1.0251513798970569e-05,
    "gbar_Ih.dend": 0.00010174901715837176,
    "gbar_Im.dend": 0.00025270605514676145,
    "decay_CaDynamics.axon": 170.46413101271224,
    "gbar_Ca_LVA.soma": 0.004598681461094031,
    "gbar_Ca_LVA.apic": 0.0007495761878957573,
    "gbar_Ca_LVA.dend": 0.009779548659713725,
    "gbar_Nap_Et2.axon": 6.411289379112351e-05,
    "gamma_CaDynamics.axon": 3.6357018228355184e-05,
    "gbar_NaTa_t.axon": 4.039527804015281,
    "gbar_K_Tst.soma": 0.0033745382360195354,
    "gbar_Kv3_1.apic": 0.018961415732267988,
    "gbar_Im.apic": 1.3218159390156335e-05,
    "gamma_CaDynamics.soma": 0.055311736984029664,
    "gamma_CaDynamics.apic": 0.0002473946067808278,
    "gamma_CaDynamics.dend": 0.04114034419483868,
    "gbar_Nap_Et2.soma": 0.00031134188339283444,
    "gbar_NaTs2_t.dend": 0.00038295113625596417,
    "decay_CaDynamics.soma": 527.254067723097,
    "decay_CaDynamics.apic": 76.08880006918619,
    "decay_CaDynamics.dend": 170.06341259762493,
    "gbar_Kv3_1.dend": 0.031916372334582346,
    "gbar_SK.axon": 0.06196574303721052,
    "gbar_Ca_HVA.soma": 2.553720650855896e-05,
    "gbar_Ca_HVA.apic": 2.3428274402580726e-05,
    "gbar_Ca_HVA.dend": 2.5727263826807666e-05,
    "gbar_NaTs2_t.apic": 0.002252901129269055,
    "gbar_Ca_HVA.axon": 0.0005730353471187088,
    "gbar_K_Pst.axon": 0.29749628215608,
    "gbar_Kv3_1.soma": 0.004870952980599536,
    "gbar_NaTs2_t.soma": 0.8026066748490166,
    "gbar_K_Pst.soma": 0.00019731095756443336,
    "gbar_K_Tst.axon": 0.8846527814254066,
    "gbar_SK.soma": 1.428474968388095e-05,
    "gbar_SK.apic": 2.489262846222343e-06,
    "gbar_SK.dend": 1.2442238385137727e-05,
    "gbar_Kv3_1.axon": 0.8051103619021545,
    "gbar_Ca_LVA.axon": 0.004694670342102536,
    "gpeak_kBK.soma": 5.6291255730386866e-05,
    "gpeak_kBK.apic": 5.691378893717524e-06,
    "gpeak_kBK.dend": 1.6501329899851235e-05,
    "gpeak_kBK.axon": 0.0955579277441383,
    "caVhmin_kBK.soma": -1.0288127426831668,
    "caVhmin_kBK.apic": -32.71986875132483,
    "caVhmin_kBK.dend": -23.150804039758384,
    "caVhmin_kBK.axon": -0.02297355810076196,
    "Ra.soma": 11.852571902528023,
    "Ra.dend": 11.852571902528023,
    "Ra.axon": 11.852571902528023,
    "Ra.apic": 6.837441829356822
}