{
    "e_pas.all": -71.01539334383146,
    "cm.axon": 0.5578756151019607,
    "g_pas.all": 0.00011421839849599107,
    "Ra.all": 9.768187020879353,
    "cm.soma": 0.6940629512586428,
    "cm.dend": 3.1568421169027046,
    "cm.apic": 0.7415083738103464,
    "gbar_Ih.soma": 7.932445062289119e-05,
    "gbar_Ih.apic": 2.2367107566993657e-05,
    "gbar_Ih.dend": 0.00022291826546399517,
    "gbar_Im.dend": 0.00013812730512533693,
    "decay_CaDynamics.axon": 653.9160076692738,
    "gbar_Ca_LVA.soma": 0.004409010780801497,
    "gbar_Ca_LVA.apic": 0.0011540936913026247,
    "gbar_Ca_LVA.dend": 0.004483996020746056,
    "gbar_Nap_Et2.axon": 1.2355612491626888e-06,
    "gamma_CaDynamics.axon": 0.00037993235360970313,
    "gbar_NaTa_t.axon": 0.010025199925708994,
    "gbar_K_Tst.soma": 0.05495331810536206,
    "gbar_Kv3_1.apic": 0.005104067013251291,
    "gbar_Im.apic": 0.00031323026336186547,
    "gamma_CaDynamics.soma": 0.002743500293088786,
    "gamma_CaDynamics.apic": 0.0066286907736616794,
    "gamma_CaDynamics.dend": 0.011698514790054404,
    "gbar_Nap_Et2.soma": 0.0002976582481935212,
    "gbar_NaTs2_t.dend": 0.01010601397300732,
    "decay_CaDynamics.soma": 415.06144547963936,
    "decay_CaDynamics.apic": 676.0698020241493,
    "decay_CaDynamics.dend": 30.266701182740714,
    "gbar_Kv3_1.dend": 0.006439989546100606,
    "gbar_SK.axon": 0.03543700106258789,
    "gbar_Ca_HVA.soma": 3.9986708074154167e-05,
    "gbar_Ca_HVA.apic": 1.881730333163654e-05,
    "gbar_Ca_HVA.dend": 3.459754141888351e-05,
    "gbar_NaTs2_t.apic": 0.0003856182287425451,
    "gbar_Ca_HVA.axon": 0.0005452791626404578,
    "gbar_K_Pst.axon": 0.23050137576596663,
    "gbar_Kv3_1.soma": 0.007216801450039848,
    "gbar_NaTs2_t.soma": 0.6770524812087091,
    "gbar_K_Pst.soma": 0.0014925512628725058,
    "gbar_K_Tst.axon": 0.48128135504350583,
    "gbar_SK.soma": 1.2739760318809244e-05,
    "gbar_SK.apic": 1.337422301428426e-05,
    "gbar_SK.dend": 8.593923871157552e-06,
    "gbar_Kv3_1.axon": 1.0607615307199618,
    "gbar_Ca_LVA.axon": 0.0018724467978305584,
    "gpeak_kBK.soma": 0.00020265071637358173,
    "gpeak_kBK.apic": 0.0002244524809601208,
    "gpeak_kBK.dend": 0.0020666381925225122,
    "gpeak_kBK.axon": 0.0002532487179351601,
    "caVhmin_kBK.soma": -3.991335455211967,
    "caVhmin_kBK.apic": -9.853343718652074,
    "caVhmin_kBK.dend": -7.15867128904887,
    "caVhmin_kBK.axon": -6.289466573518908,
    "Ra.soma": 9.768187020879353,
    "Ra.dend": 9.768187020879353,
    "Ra.axon": 9.768187020879353,
    "Ra.apic": 5.635014162562932
}