{
    "e_pas.all": -54.03076510796992,
    "cm.axon": 0.8215132839024331,
    "g_pas.all": 9.324249845075918e-05,
    "Ra.all": 9.45170508630789,
    "cm.soma": 0.5345702002281129,
    "cm.dend": 1.6724265762691477,
    "cm.apic": 0.29299325845395086,
    "gbar_Ih.soma": 0.00018521325491633567,
    "gbar_Ih.apic": 4.023484236722262e-06,
    "gbar_Ih.dend": 0.00014750954061594685,
    "gbar_Im.dend": 0.00047167547268740036,
    "decay_CaDynamics.axon": 47.004515216796115,
    "gbar_Ca_LVA.soma": 0.010093059923058027,
    "gbar_Ca_LVA.apic": 0.00036426564078819194,
    "gbar_Ca_LVA.dend": 0.00530984376763858,
    "gbar_Nap_Et2.axon": 3.414684822645425e-05,
    "gamma_CaDynamics.axon": 0.0005685100354299634,
    "gbar_NaTa_t.axon": 4.297706175099017,
    "gbar_K_Tst.soma": 0.42377907527621106,
    "gbar_Kv3_1.apic": 0.021646396360416063,
    "gbar_Im.apic": 0.0010545759461642458,
    "gamma_CaDynamics.soma": 0.000288562258536601,
    "gamma_CaDynamics.apic": 0.02615635143203335,
    "gamma_CaDynamics.dend": 0.04400342351715659,
    "gbar_Nap_Et2.soma": 0.0007527002792912494,
    "gbar_NaTs2_t.dend": 0.008667456019927234,
    "decay_CaDynamics.soma": 1031.581896529959,
    "decay_CaDynamics.apic": 215.21234314698015,
    "decay_CaDynamics.dend": 1507.3243356518526,
    "gbar_Kv3_1.dend": 0.15782063067623311,
    "gbar_SK.axon": 0.01061949178013167,
    "gbar_Ca_HVA.soma": 1.589450792618854e-05,
    "gbar_Ca_HVA.apic": 2.185933780346227e-05,
    "gbar_Ca_HVA.dend": 1.2392823008465146e-05,
    "gbar_NaTs2_t.apic": 0.0003869027324418971,
    "gbar_Ca_HVA.axon": 0.0002546277833391439,
    "gbar_K_Pst.axon": 0.42671827065141765,
    "gbar_Kv3_1.soma": 0.008687394077168812,
    "gbar_NaTs2_t.soma": 0.6191137983872714,
    "gbar_K_Pst.soma": 0.021415128197267895,
    "gbar_K_Tst.axon": 0.7543318938226542,
    "gbar_SK.soma": 1.460844186692466e-06,
    "gbar_SK.apic": 2.2671417495468284e-06,
    "gbar_SK.dend": 5.959002696243812e-06,
    "gbar_Kv3_1.axon": 1.6846472514759543,
    "gbar_Ca_LVA.axon": 0.005252713882205858,
    "gpeak_kBK.soma": 1.0775799328110758e-05,
    "gpeak_kBK.apic": 1.1140387790941118e-07,
    "gpeak_kBK.dend": 0.0001671512068014373,
    "gpeak_kBK.axon": 0.03589278091643346,
    "caVhmin_kBK.soma": -9.48145880807163,
    "caVhmin_kBK.apic": -21.080631518201933,
    "caVhmin_kBK.dend": -0.024677583569269412,
    "caVhmin_kBK.axon": -0.1374810169819396,
    "Ra.soma": 9.45170508630789,
    "Ra.dend": 9.45170508630789,
    "Ra.axon": 9.45170508630789,
    "Ra.apic": 5.452443929243938
}