{
    "e_pas.all": -69.78676068123352,
    "cm.axon": 1.0277950421540114,
    "g_pas.all": 8.78894617419853e-05,
    "Ra.all": 10.315788409979575,
    "cm.soma": 0.38221566026908554,
    "cm.dend": 1.106338946335438,
    "cm.apic": 0.6955817199924339,
    "gbar_Ih.soma": 0.00016499237725181717,
    "gbar_Ih.apic": 2.262271876819054e-05,
    "gbar_Ih.dend": 0.00024268710629707553,
    "gbar_Im.dend": 7.583723597839435e-05,
    "decay_CaDynamics.axon": 99.84196767877845,
    "gbar_Ca_LVA.soma": 0.0063248903167840605,
    "gbar_Ca_LVA.apic": 0.0016238147301988282,
    "gbar_Ca_LVA.dend": 0.0031297357329057814,
    "gbar_Nap_Et2.axon": 3.4368533383298514e-05,
    "gamma_CaDynamics.axon": 0.000575661962935257,
    "gbar_NaTa_t.axon": 5.007835317343488,
    "gbar_K_Tst.soma": 0.4467386147780561,
    "gbar_Kv3_1.apic": 0.0034834729891518985,
    "gbar_Im.apic": 0.0005722741839002368,
    "gamma_CaDynamics.soma": 0.06124858821317811,
    "gamma_CaDynamics.apic": 0.06132936506798015,
    "gamma_CaDynamics.dend": 0.0007926586337002773,
    "gbar_Nap_Et2.soma": 0.0003685677281310867,
    "gbar_NaTs2_t.dend": 0.009181668864965485,
    "decay_CaDynamics.soma": 584.0798700876633,
    "decay_CaDynamics.apic": 1150.2900670766098,
    "decay_CaDynamics.dend": 887.2083486369661,
    "gbar_Kv3_1.dend": 0.11279276986587429,
    "gbar_SK.axon": 0.06833646611635703,
    "gbar_Ca_HVA.soma": 3.969064797185506e-05,
    "gbar_Ca_HVA.apic": 1.6635626372499213e-05,
    "gbar_Ca_HVA.dend": 2.8143726535312128e-05,
    "gbar_NaTs2_t.apic": 0.0031454628663020474,
    "gbar_Ca_HVA.axon": 0.0008391464519460503,
    "gbar_K_Pst.axon": 0.5381187871100349,
    "gbar_Kv3_1.soma": 0.007139387706353198,
    "gbar_NaTs2_t.soma": 1.7276627577602393,
    "gbar_K_Pst.soma": 0.015412406556449626,
    "gbar_K_Tst.axon": 0.3352187764835016,
    "gbar_SK.soma": 1.6475646825829123e-06,
    "gbar_SK.apic": 5.116915689157066e-06,
    "gbar_SK.dend": 6.490447164730822e-06,
    "gbar_Kv3_1.axon": 0.6288625743878554,
    "gbar_Ca_LVA.axon": 0.004787549225137018,
    "gpeak_kBK.soma": 3.77340073579489e-05,
    "gpeak_kBK.apic": 2.007787993504703e-05,
    "gpeak_kBK.dend": 0.0003426366422484008,
    "gpeak_kBK.axon": 0.06934003058326613,
    "caVhmin_kBK.soma": -1.9622268656127346,
    "caVhmin_kBK.apic": -1.4839362459473222,
    "caVhmin_kBK.dend": -0.7965077139343568,
    "caVhmin_kBK.axon": -11.661397362006767,
    "Ra.soma": 10.315788409979575,
    "Ra.dend": 10.315788409979575,
    "Ra.axon": 10.315788409979575,
    "Ra.apic": 5.95091122477347
}