{
    "e_pas.all": -62.49582269363736,
    "cm.axon": 0.18124237342159127,
    "g_pas.all": 7.21128937197453e-05,
    "Ra.all": 20.74670756835353,
    "cm.soma": 0.9279331014898214,
    "cm.dend": 0.006090617176167907,
    "cm.apic": 1.9109391164502976,
    "gbar_Ih.soma": 1.0974901109000501e-05,
    "gbar_Ih.apic": 2.3433551494964025e-06,
    "gbar_Ih.dend": 2.0103394335529918e-05,
    "gbar_Im.dend": 0.0002937690639328607,
    "decay_CaDynamics.axon": 136.81553481349695,
    "gbar_Ca_LVA.soma": 0.005250791100009976,
    "gbar_Ca_LVA.apic": 0.0013560632613325804,
    "gbar_Ca_LVA.dend": 0.008647288719741408,
    "gbar_Nap_Et2.axon": 3.694193897961029e-05,
    "gamma_CaDynamics.axon": 0.0006848971164259037,
    "gbar_NaTa_t.axon": 4.512255192402968,
    "gbar_K_Tst.soma": 0.3264622352344615,
    "gbar_Kv3_1.apic": 0.005588290445255909,
    "gbar_Im.apic": 6.240502889662125e-06,
    "gamma_CaDynamics.soma": 9.538168094277313e-05,
    "gamma_CaDynamics.apic": 0.0005668788103296026,
    "gamma_CaDynamics.dend": 0.02594257384016753,
    "gbar_Nap_Et2.soma": 0.0004143577673521963,
    "gbar_NaTs2_t.dend": 0.007095867821242611,
    "decay_CaDynamics.soma": 547.5554680328536,
    "decay_CaDynamics.apic": 1545.737083846446,
    "decay_CaDynamics.dend": 22.29095998666162,
    "gbar_Kv3_1.dend": 0.021659047773324582,
    "gbar_SK.axon": 0.06780737155874497,
    "gbar_Ca_HVA.soma": 3.160869785979587e-05,
    "gbar_Ca_HVA.apic": 9.382411116400155e-07,
    "gbar_Ca_HVA.dend": 3.5141542998065885e-05,
    "gbar_NaTs2_t.apic": 0.0048133320816319426,
    "gbar_Ca_HVA.axon": 0.0005063818136878507,
    "gbar_K_Pst.axon": 0.041300656582470244,
    "gbar_Kv3_1.soma": 0.008135634498366132,
    "gbar_NaTs2_t.soma": 0.29076944966678087,
    "gbar_K_Pst.soma": 0.006453938618105926,
    "gbar_K_Tst.axon": 0.9486161704122824,
    "gbar_SK.soma": 1.0830176876820426e-05,
    "gbar_SK.apic": 1.0004627309960163e-05,
    "gbar_SK.dend": 1.4759829838489708e-05,
    "gbar_Kv3_1.axon": 0.4740063714974222,
    "gbar_Ca_LVA.axon": 3.74934288098861e-05,
    "gpeak_kBK.soma": 0.0018447415348954185,
    "gpeak_kBK.apic": 5.6861590503521714e-05,
    "gpeak_kBK.dend": 1.8630464366646863e-07,
    "gpeak_kBK.axon": 0.03630767566806009,
    "caVhmin_kBK.soma": -17.320340927850875,
    "caVhmin_kBK.apic": -23.20251707646003,
    "caVhmin_kBK.dend": -23.900587637444104,
    "caVhmin_kBK.axon": -35.31284392307291,
    "Ra.soma": 20.74670756835353,
    "Ra.dend": 20.74670756835353,
    "Ra.axon": 20.74670756835353,
    "Ra.apic": 20.74670756835353
}