{
    "e_pas.all": -68.94474181040522,
    "cm.axon": 1.0002099846214025,
    "g_pas.all": 5.581679224449942e-05,
    "Ra.all": 21.517462797590095,
    "cm.soma": 0.8132225072520125,
    "cm.dend": 2.189287184780785,
    "cm.apic": 0.02969219928122385,
    "gbar_Ih.soma": 0.00014502832292974277,
    "gbar_Ih.apic": 1.9429497404513285e-05,
    "gbar_Ih.dend": 0.0002497413643090682,
    "gbar_Im.dend": 6.517086930908075e-06,
    "decay_CaDynamics.axon": 45.29842758968741,
    "gbar_Ca_LVA.soma": 0.01017741054699947,
    "gbar_Ca_LVA.apic": 0.00033442930053840603,
    "gbar_Ca_LVA.dend": 0.007247854998250587,
    "gbar_Nap_Et2.axon": 5.8137996479237595e-05,
    "gamma_CaDynamics.axon": 0.0007267697044652251,
    "gbar_NaTa_t.axon": 5.585906533886038,
    "gbar_K_Tst.soma": 0.2404702999113521,
    "gbar_Kv3_1.apic": 0.02537119617084718,
    "gbar_Im.apic": 0.00011597076170380476,
    "gamma_CaDynamics.soma": 5.413707791514242e-05,
    "gamma_CaDynamics.apic": 0.02086463863028161,
    "gamma_CaDynamics.dend": 0.0272401212869145,
    "gbar_Nap_Et2.soma": 6.947295423949756e-05,
    "gbar_NaTs2_t.dend": 0.010148395550982766,
    "decay_CaDynamics.soma": 183.60856979349387,
    "decay_CaDynamics.apic": 50.571815521255864,
    "decay_CaDynamics.dend": 106.53362927509062,
    "gbar_Kv3_1.dend": 0.0098164308770318,
    "gbar_SK.axon": 0.10472974837951975,
    "gbar_Ca_HVA.soma": 1.1134429918493846e-05,
    "gbar_Ca_HVA.apic": 3.1071937726066354e-05,
    "gbar_Ca_HVA.dend": 2.2189743677994796e-05,
    "gbar_NaTs2_t.apic": 0.0005257608944850048,
    "gbar_Ca_HVA.axon": 0.0007619704432235406,
    "gbar_K_Pst.axon": 0.2024355235547176,
    "gbar_Kv3_1.soma": 0.004970742371728876,
    "gbar_NaTs2_t.soma": 0.3642373788292391,
    "gbar_K_Pst.soma": 0.009669410852305242,
    "gbar_K_Tst.axon": 0.8485381039926955,
    "gbar_SK.soma": 8.047951280379199e-06,
    "gbar_SK.apic": 1.1075368185011962e-05,
    "gbar_SK.dend": 1.4092684302874773e-06,
    "gbar_Kv3_1.axon": 0.6905872551706443,
    "gbar_Ca_LVA.axon": 0.005753170893625665,
    "gpeak_kBK.soma": 1.3069676740180584e-05,
    "gpeak_kBK.apic": 0.0001539158158268761,
    "gpeak_kBK.dend": 3.4628906735393726e-06,
    "gpeak_kBK.axon": 0.00174139659775145,
    "caVhmin_kBK.soma": -20.878666682122994,
    "caVhmin_kBK.apic": -0.13510968527540945,
    "caVhmin_kBK.dend": -12.366415630165985,
    "caVhmin_kBK.axon": -6.8954196147060784,
    "Ra.soma": 21.517462797590095,
    "Ra.dend": 21.517462797590095,
    "Ra.axon": 21.517462797590095,
    "Ra.apic": 21.517462797590095
}