{
    "e_pas.all": -69.58146187004787,
    "cm.axon": 1.452456268381795,
    "g_pas.all": 6.269893315931036e-05,
    "Ra.all": 12.425895692598687,
    "cm.soma": 0.8056544241653963,
    "cm.dend": 3.483353907032605,
    "cm.apic": 0.8433450444494549,
    "gbar_Ih.soma": 9.089802984455431e-05,
    "gbar_Ih.apic": 1.9320810563062726e-05,
    "gbar_Ih.dend": 0.00017184365903633492,
    "gbar_Im.dend": 0.00018335733335926173,
    "decay_CaDynamics.axon": 651.5842630460681,
    "gbar_Ca_LVA.soma": 0.009383710222117694,
    "gbar_Ca_LVA.apic": 0.0018826102743333673,
    "gbar_Ca_LVA.dend": 0.008521063706873902,
    "gbar_Nap_Et2.axon": 4.4727524432420275e-05,
    "gamma_CaDynamics.axon": 0.00020209322850921866,
    "gbar_NaTa_t.axon": 5.80846950463747,
    "gbar_K_Tst.soma": 0.10251334295704893,
    "gbar_Kv3_1.apic": 0.013241749114408822,
    "gbar_Im.apic": 0.001471035373767604,
    "gamma_CaDynamics.soma": 0.03758517485816424,
    "gamma_CaDynamics.apic": 0.035228968091533974,
    "gamma_CaDynamics.dend": 0.03340579280646169,
    "gbar_Nap_Et2.soma": 0.00046043405405391327,
    "gbar_NaTs2_t.dend": 0.004738885478209883,
    "decay_CaDynamics.soma": 73.62269372055722,
    "decay_CaDynamics.apic": 3.287077296359193,
    "decay_CaDynamics.dend": 796.3704454822183,
    "gbar_Kv3_1.dend": 0.004130221441534841,
    "gbar_SK.axon": 0.0010708358177275612,
    "gbar_Ca_HVA.soma": 2.0025275965070158e-05,
    "gbar_Ca_HVA.apic": 9.306651529650682e-06,
    "gbar_Ca_HVA.dend": 1.244359827309809e-05,
    "gbar_NaTs2_t.apic": 0.002933150459598009,
    "gbar_Ca_HVA.axon": 0.0007717165171747888,
    "gbar_K_Pst.axon": 0.004184430124946424,
    "gbar_Kv3_1.soma": 0.005531267649086577,
    "gbar_NaTs2_t.soma": 0.25787306783544683,
    "gbar_K_Pst.soma": 0.013455581718280917,
    "gbar_K_Tst.axon": 0.49624937909601663,
    "gbar_SK.soma": 6.6484597260280535e-06,
    "gbar_SK.apic": 1.9309311199844915e-06,
    "gbar_SK.dend": 5.0584611961831465e-06,
    "gbar_Kv3_1.axon": 1.0094052559373203,
    "gbar_Ca_LVA.axon": 0.0010516909870091633,
    "gpeak_kBK.soma": 4.702420223203825e-05,
    "gpeak_kBK.apic": 8.1646507262734e-06,
    "gpeak_kBK.dend": 5.126924411031508e-06,
    "gpeak_kBK.axon": 0.009810447975206584,
    "caVhmin_kBK.soma": -18.018339360823255,
    "caVhmin_kBK.apic": -25.39517837041376,
    "caVhmin_kBK.dend": -9.098282580717981,
    "caVhmin_kBK.axon": -23.463144795707642,
    "Ra.soma": 12.425895692598687,
    "Ra.dend": 12.425895692598687,
    "Ra.axon": 12.425895692598687,
    "Ra.apic": 7.168177478651507
}