{
    "e_pas.all": -47.54271963992881,
    "cm.axon": 0.8268523148353452,
    "g_pas.all": 3.7281425176074935e-05,
    "Ra.all": 65.46870039322837,
    "cm.soma": 0.7252033975850539,
    "cm.dend": 0.07583689912727533,
    "cm.apic": 0.7742219848208579,
    "gbar_Ih.soma": 8.57894970634268e-05,
    "gbar_Ih.apic": 3.683709946892893e-05,
    "gbar_Ih.dend": 9.649878110440004e-05,
    "gbar_Im.dend": 0.00024795765787247946,
    "decay_CaDynamics.axon": 130.59615196437878,
    "gbar_Ca_LVA.soma": 0.006511879756641176,
    "gbar_Ca_LVA.apic": 0.002257357099861204,
    "gbar_Ca_LVA.dend": 0.009432796789449263,
    "gbar_Nap_Et2.axon": 8.08322270342141e-05,
    "gamma_CaDynamics.axon": 0.0007059204223330344,
    "gbar_NaTa_t.axon": 4.914302160820951,
    "gbar_K_Tst.soma": 0.07771857175968365,
    "gbar_Kv3_1.apic": 0.006185018593701425,
    "gbar_Im.apic": 0.00014628848456067794,
    "gamma_CaDynamics.soma": 0.005740473871190411,
    "gamma_CaDynamics.apic": 0.0063784404220069806,
    "gamma_CaDynamics.dend": 0.04943206533639283,
    "gbar_Nap_Et2.soma": 8.647135629495396e-06,
    "gbar_NaTs2_t.dend": 0.004162360624824138,
    "decay_CaDynamics.soma": 148.12834798911285,
    "decay_CaDynamics.apic": 0.4461348888372138,
    "decay_CaDynamics.dend": 8.83036332175919,
    "gbar_Kv3_1.dend": 0.0012775445230755397,
    "gbar_SK.axon": 0.1292843153425738,
    "gbar_Ca_HVA.soma": 4.970269946604759e-06,
    "gbar_Ca_HVA.apic": 2.2556020433395785e-05,
    "gbar_Ca_HVA.dend": 3.10380582969389e-05,
    "gbar_NaTs2_t.apic": 0.0008277302132408925,
    "gbar_Ca_HVA.axon": 0.00015632128442688467,
    "gbar_K_Pst.axon": 0.07409766885184947,
    "gbar_Kv3_1.soma": 0.0019516101128614547,
    "gbar_NaTs2_t.soma": 0.13807119418690628,
    "gbar_K_Pst.soma": 0.006253584642456351,
    "gbar_K_Tst.axon": 0.6182149149144716,
    "gbar_SK.soma": 1.2012942522244052e-05,
    "gbar_SK.apic": 1.4663243810399846e-05,
    "gbar_SK.dend": 5.896244160961759e-07,
    "gbar_Kv3_1.axon": 0.11462847511263884,
    "gbar_Ca_LVA.axon": 0.006841527274318853,
    "gpeak_kBK.soma": 3.874202862072325e-08,
    "gpeak_kBK.apic": 0.0001439117799198797,
    "gpeak_kBK.dend": 0.0015615355901561362,
    "gpeak_kBK.axon": 0.07928542069579232,
    "caVhmin_kBK.soma": -16.37751159082835,
    "caVhmin_kBK.apic": -2.472147606694481,
    "caVhmin_kBK.dend": -7.0519622916289,
    "caVhmin_kBK.axon": -11.116533446453374,
    "Ra.soma": 65.46870039322837,
    "Ra.dend": 65.46870039322837,
    "Ra.axon": 65.46870039322837,
    "Ra.apic": 65.46870039322837
}