{
    "e_pas.all": -65.31463152866473,
    "cm.axon": 0.5008947279614638,
    "g_pas.all": 6.0761053386875083e-05,
    "Ra.all": 100.55417611804378,
    "cm.soma": 0.6501562255664316,
    "cm.dend": 2.8229890640540765,
    "cm.apic": 0.6549485401832489,
    "gbar_Ih.soma": 0.0001927573267542946,
    "gbar_Ih.apic": 7.683304432768375e-06,
    "gbar_Ih.dend": 0.00012715727979440992,
    "gbar_Im.dend": 0.00020730121590349518,
    "decay_CaDynamics.axon": 491.34918738552125,
    "gbar_Ca_LVA.soma": 0.00039655636546050924,
    "gbar_Ca_LVA.apic": 0.0006882417341875075,
    "gbar_Ca_LVA.dend": 0.006717057492056426,
    "gbar_Nap_Et2.axon": 1.845540329009059e-05,
    "gamma_CaDynamics.axon": 0.00032690813511050654,
    "gbar_NaTa_t.axon": 2.371294237361484,
    "gbar_K_Tst.soma": 0.001798834049823981,
    "gbar_Kv3_1.apic": 0.011304465480773435,
    "gbar_Im.apic": 0.0003303192124798464,
    "gamma_CaDynamics.soma": 0.0009099322545272313,
    "gamma_CaDynamics.apic": 0.013083948348843816,
    "gamma_CaDynamics.dend": 0.005107183896085468,
    "gbar_Nap_Et2.soma": 0.0002766756663818752,
    "gbar_NaTs2_t.dend": 0.010132091436195605,
    "decay_CaDynamics.soma": 166.11300480696968,
    "decay_CaDynamics.apic": 1173.1255385558907,
    "decay_CaDynamics.dend": 109.80525204890208,
    "gbar_Kv3_1.dend": 0.0070614246534815035,
    "gbar_SK.axon": 0.06999974903282744,
    "gbar_Ca_HVA.soma": 9.25164232293024e-06,
    "gbar_Ca_HVA.apic": 1.755489485398132e-05,
    "gbar_Ca_HVA.dend": 3.086295429279738e-05,
    "gbar_NaTs2_t.apic": 0.00020064365448602557,
    "gbar_Ca_HVA.axon": 0.0004243925043080887,
    "gbar_K_Pst.axon": 0.22149897828768944,
    "gbar_Kv3_1.soma": 0.000933686624988353,
    "gbar_NaTs2_t.soma": 0.18453245756073744,
    "gbar_K_Pst.soma": 0.0014523259139045447,
    "gbar_K_Tst.axon": 0.6219359820507417,
    "gbar_SK.soma": 6.365258677561042e-06,
    "gbar_SK.apic": 3.95361196491896e-06,
    "gbar_SK.dend": 1.0905282768417522e-05,
    "gbar_Kv3_1.axon": 0.6762207006489263,
    "gbar_Ca_LVA.axon": 0.0002454510493787896,
    "gpeak_kBK.soma": 1.8349647437382205e-07,
    "gpeak_kBK.apic": 1.179915468160687e-05,
    "gpeak_kBK.dend": 2.2196468019043634e-05,
    "gpeak_kBK.axon": 0.016139856545168915,
    "caVhmin_kBK.soma": -22.960744633326435,
    "caVhmin_kBK.apic": -1.774191032368737,
    "caVhmin_kBK.dend": -11.394373098937955,
    "caVhmin_kBK.axon": -11.947595271455317,
    "Ra.soma": 100.55417611804378,
    "Ra.dend": 100.55417611804378,
    "Ra.axon": 100.55417611804378,
    "Ra.apic": 58.007100531436734
}