{
    "e_pas.all": -58.57745537136404,
    "cm.axon": 0.06845802389839811,
    "g_pas.all": 5.497976801621912e-05,
    "Ra.all": 89.20373979313112,
    "cm.soma": 0.2053850917608597,
    "cm.dend": 0.5484046008868707,
    "cm.apic": 0.30594371939713044,
    "gbar_Ih.soma": 0.00018355113970007942,
    "gbar_Ih.apic": 7.060325667201992e-06,
    "gbar_Ih.dend": 0.00017804592868702213,
    "gbar_Im.dend": 0.0002523246687837407,
    "decay_CaDynamics.axon": 701.1475159141157,
    "gbar_Ca_LVA.soma": 0.005927818332223303,
    "gbar_Ca_LVA.apic": 0.002446316155824822,
    "gbar_Ca_LVA.dend": 0.00914538407964043,
    "gbar_Nap_Et2.axon": 7.595310030324284e-05,
    "gamma_CaDynamics.axon": 0.0010141821766619218,
    "gbar_NaTa_t.axon": 5.8858715722280825,
    "gbar_K_Tst.soma": 0.16252228622367168,
    "gbar_Kv3_1.apic": 0.005572639785581907,
    "gbar_Im.apic": 1.4035781012900792e-08,
    "gamma_CaDynamics.soma": 0.005321748216142919,
    "gamma_CaDynamics.apic": 0.0015000511366909785,
    "gamma_CaDynamics.dend": 0.00023333209345287158,
    "gbar_Nap_Et2.soma": 1.043209769877672e-05,
    "gbar_NaTs2_t.dend": 0.002061644979530804,
    "decay_CaDynamics.soma": 344.3535292895495,
    "decay_CaDynamics.apic": 723.995617110689,
    "decay_CaDynamics.dend": 1233.9704443953838,
    "gbar_Kv3_1.dend": 0.09002494013722673,
    "gbar_SK.axon": 0.0024478460492707867,
    "gbar_Ca_HVA.soma": 1.7200656365572602e-05,
    "gbar_Ca_HVA.apic": 1.3595542984110282e-05,
    "gbar_Ca_HVA.dend": 8.904474449603187e-06,
    "gbar_NaTs2_t.apic": 0.0005391981806181408,
    "gbar_Ca_HVA.axon": 0.00087368070593111,
    "gbar_K_Pst.axon": 0.1939672139687689,
    "gbar_Kv3_1.soma": 0.004493206329907503,
    "gbar_NaTs2_t.soma": 0.2725601414235646,
    "gbar_K_Pst.soma": 0.004479672671184154,
    "gbar_K_Tst.axon": 0.9373854475267965,
    "gbar_SK.soma": 2.3101779288495223e-07,
    "gbar_SK.apic": 2.8423871011036313e-06,
    "gbar_SK.dend": 9.607560201080887e-06,
    "gbar_Kv3_1.axon": 0.0003909884837673196,
    "gbar_Ca_LVA.axon": 0.007267112688126166,
    "gpeak_kBK.soma": 2.226048623792704e-05,
    "gpeak_kBK.apic": 0.011405503556106273,
    "gpeak_kBK.dend": 0.000280387780057487,
    "gpeak_kBK.axon": 0.0038755864562221194,
    "caVhmin_kBK.soma": -12.554393548181704,
    "caVhmin_kBK.apic": -7.527665148510999,
    "caVhmin_kBK.dend": -37.136205894531855,
    "caVhmin_kBK.axon": -7.030947685668193,
    "Ra.soma": 89.20373979313112,
    "Ra.dend": 89.20373979313112,
    "Ra.axon": 89.20373979313112,
    "Ra.apic": 51.45932771490094
}