{
    "Control animal PT neuron": {
        "20201215-B6-2826_cell5": -71.19700252594299,
        "20201215-B6-2826_cell10": -69.08239846293759,
        "20201215-B6-2826_cell3": -71.1572358632029,
        "20201215-B6-2826_cell9": -63.52098175275542,
        "20201215-B6-2826_cell6": -67.08981116036495,
        "20201215-B6-2826_cell4": -63.00879493025033,
        "20201215-B6-2826_cell1": -63.29555816681923,
        "20201215-B6-2826_cell7": -64.39522991009497,
        "20201215-B6-2826_cell8": -66.26143057296837,
        "20201215-B6-2826_cell2": -72.27168350766001,
        "20201230-B6-2894_cell7": -65.85514801206337,
        "20201230-B6-2894_cell9": -71.77533511418598,
        "20201230-B6-2894_cell2": -63.66094237651703,
        "20201230-B6-2894_cell10": -75.0646789528719,
        "20201230-B6-2894_cell6": -73.74164466571058,
        "20201230-B6-2894_cell5": -72.77573920978575,
        "20201230-B6-2894_cell4": -68.82264301991977,
        "20201230-B6-2894_cell3": -62.0250714637604,
        "20201230-B6-2894_cell1": -71.57902466682229,
        "20201230-B6-2894_cell8": -68.32537841164414,
        "20201201-03445-07258_cell7": -70.07404334110635,
        "20201201-03445-07258_cell3": -72.85918141602167,
        "20201201-03445-07258_cell4": -67.20223252677039,
        "20201201-03445-07258_cell6": -67.96158213519786,
        "20201201-03445-07258_cell8": -68.63918580575007,
        "20201201-03445-07258_cell9": -66.6677452309938,
        "20201201-03445-07258_cell5": -69.04140889869322,
        "20201201-03445-07258_cell2": -73.41579173283922,
        "20201201-03445-07258_cell1": -76.20650386081556,
        "20201210-B6-2825_cell6": -66.35692375630636,
        "20201210-B6-2825_cell8": -68.63303988545387,
        "20201210-B6-2825_cell10": -64.03975135983823,
        "20201210-B6-2825_cell1": -70.96400162102532,
        "20201210-B6-2825_cell3": -69.83106268601766,
        "20201210-B6-2825_cell4": -58.27696964521139,
        "20201210-B6-2825_cell9": -71.49568609368453,
        "20201210-B6-2825_cell7": -67.38847465914488,
        "20201210-B6-2825_cell2": -69.50166958238648,
        "20201210-B6-2825_cell5": -62.04766367967552
    },
    "6-OHDA animal PT neuron": {
        "20201202-03466-07377_cell7": -72.12618617479644,
        "20201202-03466-07377_cell3": -67.71005521546509,
        "20201202-03466-07377_cell5": -65.17065074816247,
        "20201202-03466-07377_cell6": -62.75584996953158,
        "20201202-03466-07377_cell2": -65.22992762190957,
        "20201202-03466-07377_cell4": -64.70037350655706,
        "20201202-03466-07377_cell8": -63.13696397591874,
        "20201202-03466-07377_cell1": -72.2757585511552,
        "20201202-03466-07377_cell9": -68.91815649355794,
        "20201202-03466-07377_cell10": -67.92364214548299,
        "20201222-B6-2852_cell8": -72.1387434489287,
        "20201222-B6-2852_cell6": -68.4530922767076,
        "20201222-B6-2852_cell1": -70.79098255075847,
        "20201222-B6-2852_cell4": -70.2639703559767,
        "20201222-B6-2852_cell7": -69.4068406275112,
        "20201222-B6-2852_cell10": -75.24545115214768,
        "20201222-B6-2852_cell2": -66.24668698447807,
        "20201222-B6-2852_cell3": -67.97931809244298,
        "20201222-B6-2852_cell9": -65.83464479769145,
        "20201222-B6-2852_cell5": -62.12500814463994,
        "20201211-03466-07376_cell7": -75.2111736146785,
        "20201211-03466-07376_cell6": -67.25682105519945,
        "20201211-03466-07376_cell8": -65.37600382888795,
        "20201211-03466-07376_cell2": -71.54739026994797,
        "20201211-03466-07376_cell3": -69.92363727476018,
        "20201211-03466-07376_cell1": -68.20912617172078,
        "20201211-03466-07376_cell9": -67.57327799317626,
        "20201211-03466-07376_cell10": -64.07129587476388,
        "20201211-03466-07376_cell4": -66.85944073333846,
        "20201211-03466-07376_cell5": -70.90555408105166
    }
}